naam;recommendations;rec_ar;rec_kath;rec_lib;rec_soc
mr. B. Wichers;;0;0;0;0
W.L. de Sturler;;0;0;0;0
mr. A. Oudeman;;0;0;0;0
L.T. Jorissen;;0;0;0;0
jhr.mr. O.Q.J.J. van Swinderen;;0;0;0;0
G. Reinders;;0;0;0;0
J.G. Allershof;;0;0;0;0
dr. R. Westerhoff;(AH)*|(AH)*;0;0;1;0
mr. A. Beckeringh;;0;0;0;0
mr. P. Brongers;;0;0;0;0
mr. R. de Sitter;;0;0;0;0
J.F. Zijlker;;0;0;0;0
mr. S.C.H. Piccardt;;0;0;0;0
mr. J.C. van Slooten;;0;0;0;0
mr. G. Diephuis;;0;0;0;0
P.W. Wiertsema;;0;0;0;0
W. Waalkens;;0;0;0;0
mr. W.J. Mees;;0;0;0;0
mr. D. Bonthuis;;0;0;0;0
mr. B. Albarda;;0;0;0;0
I.T. ter Brugghen Hugenholtz;;0;0;0;0
I. da Costa;;0;0;0;0
mr. J.B. Oosting;AK;0;0;0;0
D.J.V. baron van Sytzama;;0;0;0;0
mr. J.J.L. van der Brugghen;;0;0;0;0
mr. N. van Heloma;;0;0;0;0
mr. A.F. Jongstra;;0;0;0;0
mr. U.A. Everts;;0;0;0;0
dr. P.J. Costerus;;0;0;0;0
jhr.mr. P.B.J. Vegilin van Claerbergen;;0;0;0;0
mr. J. Dirks;;0;0;0;0
mr. Ã. baron van Mackay;;0;0;0;0
T.M.W. van Asbeck;;0;0;0;0
mr. G. Groen van Prinsterer;;0;0;0;0
mr. J.T. Homan;;0;0;0;0
mr. L. graaf van Heiden Reinestein;;0;0;0;0
mr. P. van der Veen;;0;0;0;0
mr. G. Kniphorst;;0;0;0;0
mr. L. Oldenhuis Gratama;(AH)*|(AH)*|(AH)*|(AH)*|(AH)*;0;0;1;0
mr. P.W.A. Grevelink;;0;0;0;0
mr. J. Tonckens;;0;0;0;0
mr. C. Hiddingh;;0;0;0;0
jhr.mr. H.J.L. van der Wijck;;0;0;0;0
mr. W. Tonckens;;0;0;0;0
mr. H.J. Kymmell;;0;0;0;0
J.A. Meursing;;0;0;0;0
mr. L. Metman;;0;0;0;0
mr. L.N. graaf van Randwijck;;0;0;0;0
dr. M. Dassen;;0;0;0;0
A. van der Vlies;;0;0;0;0
mr. L. Kniphorst;;0;0;0;0
G. de SeriÃ¨re;;0;0;0;0
dr. B. Verver;;0;0;0;0
mr. B.W.A.E. baron van Sloet tot Oldhuis;;0;0;0;0
J. Zeehuizen;;0;0;0;0
mr. P.M. van Goens;;0;0;0;0
mr. A.J. Duymaer van Twist;;0;0;0;0
mr. J.C. Bijsterbos;;0;0;0;0
J.A. Duymaer van Twist;;0;0;0;0
mr. H. Jacobson;;0;0;0;0
mr. J. Cornelissen;;0;0;0;0
jhr. C.M. Storm van 's Gravesande;(AH)*;0;0;1;0
mr. J.R. Thorbecke;;0;0;0;0
mr. J. van Riemsdijk;;0;0;0;0
mr. D. Donker Curtius;;0;0;0;0
B.P.G. van Diggelen;;0;0;0;0
mr. H. van Sonsbeeck;;0;0;0;0
mr. M.J. de Man;;0;0;0;0
mr. B.W. Blijdenstein;;0;0;0;0
mr. J.T.H. Nedermeyer ridder van Rosenthal;;0;0;0;0
mr. W.H. Dullert;(AH)*|(AH)*|(AH)*|(AH)*;0;0;1;0
J. Backer;;0;0;0;0
mr. J. van 's Gravenweert;;0;0;0;0
E.B. van den Bosch;;0;0;0;0
mr. C.L. Vitringa;;0;0;0;0
mr. R.W. Tadema;;0;0;0;0
E. van LÃ¶ben-Sels;;0;0;0;0
mr. J.P.P. baron van Zuylen van Nijevelt;;0;0;0;0
jhr. J.A.C.A. van Nispen van Sevenaer;(DT)*;0;1;0;0
mr. A.W. Engelen;;0;0;0;0
mr. W. baron van Lynden;;0;0;0;0
van Voorst;;0;0;0;0
mr. J.K. baron van Goltstein;AK/DZH;0;0;0;0
mr. S. van Walchren;;0;0;0;0
J.D.C.C.W. baron van Ablaing van Giessenburg;;0;0;0;0
dr. H. Menso;;0;0;0;0
mr. J. Hora Siccama;;0;0;0;0
E.C.U. van Doorn;;0;0;0;0
J.G. Dolmans;;0;0;0;0
mr. W.L.F.C. ridder van Rappard;;0;0;0;0
J.A. de Fremery;;0;0;0;0
mr. J.M. de Kempenaer;;0;0;0;0
mr. G.W. Verweij Mejan;;0;0;0;0
jhr.mr. D.T. Gevers van Endegeest;;0;0;0;0
S. Piek;;0;0;0;0
F.W. Conrad;;0;0;0;0
mr. G.M. van der Linden;(AH)*|(AH)*|(AH)*|(AH)*|(AH)*|(AH)*|(AH)*|(AH)*;0;0;1;0
A. van Rijckevorsel Hz.;;0;0;0;0
mr. L. Luzac;;0;0;0;0
mr. J.S. van Naamen;;0;0;0;0
jhr.mr. W.T. Gevers Deynoot;(AH)*;0;0;1;0
mr. A. Boxman;;0;0;0;0
mr. P.L. Begram van Jaarsveld;;0;0;0;0
mr. J.S. Lotsy;;0;0;0;0
mr. P. BlussÃ© van Oud-Alblas;(AH)*|(AH)*|(AH)*|(AH)*|(AH)*;0;0;1;0
mr. J. Crans;;0;0;0;0
jhr.mr. J. de Bosch Kemper;;0;0;0;0
mr. J.C. Faber van Riemsdijk;;0;0;0;0
mr. H.A.A. van Berckel;;0;0;0;0
mr. W. Wintgens;(DZH)*|(DZH)*|DZH(AR)|(DT)*|(DT)*|(DT)*|DT(AR)|AK/DZH;1;1;0;0
C. Hoekwater;;0;0;0;0
D. van Koetsveld;;0;0;0;0
mr. R.J.C. Metelerkamp;(AH)*|(AH)*|(AH)*;0;0;1;0
E.P. de Monchy;;0;0;0;0
J.H.C. van der Kun;;0;0;0;0
M.A.F.H. Hoffman;(DZH)*;0;0;0;0
A. van Rijckevorsel;;0;0;0;0
M.A.F. Hoffman;;0;0;0;0
mr. K.A. Poortman;;0;0;0;0
mr. C.L.A. van der Horst;;0;0;0;0
S. Rijnbende;;0;0;0;0
mr. W.C. Mees;;0;0;0;0
mr. W. Wijnaendts;;0;0;0;0
A. Vogelsang;;0;0;0;0
L. Kluit;;0;0;0;0
P.J. de Raadt van Hendrik-Ido-Ambacht;;0;0;0;0
D. Molenaar;;0;0;0;0
mr. S.H. Anemaet;;0;0;0;0
W.P. Jonas;;0;0;0;0
mr. J.J. Slicher van Domburg;;0;0;0;0
mr. A.F. SifflÃ©;;0;0;0;0
mr. J.F. Bijleveld;Lib(TT);0;0;1;0
mr. S. de Wind;;0;0;0;0
jhr.mr. M.C. Paspoort van Grijpskerke;;0;0;0;0
jhr. W. Versluijs;;0;0;0;0
mr. G.A. Fokker;;0;0;0;0
mr. W.J.P. Kroef;;0;0;0;0
J.H.L. Vader;;0;0;0;0
jhr. W.D. de Jonge;;0;0;0;0
mr. P.J. Bachiene;;0;0;0;0
mr. J.J. van Deinse;;0;0;0;0
R.B. van den Bosch;;0;0;0;0
A. Kakebeeke;;0;0;0;0
mr. D. van Eck;(AH)*|(AH)*|(AH)*|(AH)*|(AH)*;0;0;1;0
J.H.Q. Janssen;;0;0;0;0
mr. J.E. Risseeuw;;0;0;0;0
mr. L.D. Storm;;0;0;0;0
mr. P. Gouverneur;;0;0;0;0
M.W. Pastoors;;0;0;0;0
J.E. van Gorkum;;0;0;0;0
mr. K.A. Meeussen;;0;0;0;0
mr. F.J. Jespers;;0;0;0;0
mr. J.J. Loke;;0;0;0;0
mr. J.A. Mutsaers;;0;0;0;0
J.F. van der Heyde;;0;0;0;0
jhr.mr. J.O. de Jong van Beek en Donk;;0;0;0;0
mr. J.B. Bots;DT/DZH;0;1;0;0
mr. J.L.A. Luyben;;0;0;0;0
mr. E.J.H. Borret;;0;0;0;0
J.L.Th.A.L. baron van Scherpenzeel Heusch;;0;0;0;0
J. Lebens;;0;0;0;0
W. de la Haye;;0;0;0;0
J.J.F.M.H. Corneli;;0;0;0;0
J.J. Lambrechts;;0;0;0;0
I. Collaes;;0;0;0;0
C. Reynen;;0;0;0;0
mr. W. Sassen;;0;0;0;0
mr. C. de Limpens;;0;0;0;0
mr. J.L.M. Leclercq;;0;0;0;0
C.L.H. Bontamps;;0;0;0;0
mr. P.L. de Lom de Berg;;0;0;0;0
J.J.A. van Wylick;;0;0;0;0
mr. J.B.J. Hengst;;0;0;0;0
R.J.N. Walter;;0;0;0;0
A.J. Thomassen Ã Thuessink van der Hoop;;0;0;0;0
mr. G.W.H. baron van Imhoff;;0;0;0;0
mr. N. Olivier;(AH)*;0;0;1;0
jhr. E. de Wendt Alberda van Ekenstein;;0;0;0;0
H.W. Wierda;;0;0;0;0
mr. B.J. Gratama;AR(DT)|AR(DT/DZH)|AR(DT)|AR;1;1;0;0
mr. E.J.J.B. Cremers;(AH)*|(AH)*|(AH)*|Lib|Lib;0;0;1;0
jhr.mr. M.A. de Savornin Lohman;AR|AR|AR(DT)|AR(DT)|AR|AR(DT)|AR(DT)|AR(DT)|AR|AR|AR|AR(DT)|AR(DT);1;1;0;0
mr. U.H. Huber;AR|AR|AR(DT)|AR(DT)|AR|AR(DT)|AR(DT)|AR(DT)|AR(DT)|AR|AR(DT)|AR(DT)|AR(DT)|AR|AR(TT)|AR(TT)|AR(Ka)|AR(Ka)|AR(Ka)|AR(TT)|AR(TT)|AR(Ka);1;1;0;0
K.P. Feringa;;0;0;0;0
S. Blaupot ten Cate;;0;0;0;0
mr. J.J. Cremers;;0;0;0;0
jhr.mr. J.W. van Loon;AK/DT/DZH|(DT)*|AR;1;1;0;0
mr. S. van Houten;(AH)*|(AH)*|Lib|Lib|Lib|Lib(TT)|VL|VL|VL|VL(Lib)|VL|VL|VL|VL|AG;0;0;1;0
P.W.A. Cort van der Linden;(AH)*;0;0;1;0
jhr.mr. A.F. de Savornin Lohman;AR|AR|AR|AR|AR|AR(DT)|AR(DT/DZH)|AR|AR|AR|AR(DT)|AR|AR|AR|AR|AR|AR|AR(DT)|AR(DT)|AR(DT)|AR(DT)|AR|AR|AR|AR|AR(DT)|AR(DT)|AR|AR(DT)|AR(DT)|AR|AR|AR|AR|AR(TT)|AR(Ka)|AR(Ka)|AR(TT)|AR(TT)|VA(Ka/AR)|VA(Ka/AR)|CHP(Ka/AR)|CHP(Ka/AR)|CHP(Ka/AR)|CHU(Ka/AR)|CHU(Ka/AR)|CHU(Ka/AR)|CHU;1;1;0;0
jhr.mr. P.J. van Swinderen;(DT)*|AR(DT);1;1;0;0
F. Domela Nieuwenhuis;Soc|V|V|Soc|Soc|Soc|Soc|Soc|Soc;0;0;0;1
mr. E.J.T. van der Hoop;;0;0;0;0
mr. E. van Loon;;0;0;0;0
jhr.mr. J.D. Lewe Quintus;;0;0;0;0
mr. D. de Ruiter Zijlker;(AH)*|(AH)*|(AH)*|(AH)*|(AH)*|Lib|Lib|Lib|Lib;0;0;1;0
dr. A. Kuyper;AR|AR|AR|AR(AH)|AR(DT)|AR|AR|AR(VT)|AR(VT)|AR(VT)|AR(VT)|AR(VT)|AR(VT)|AR(VT)|AR(Ka)|AR(Ka)|AR(Ka)|AR(Ka)|AR|AR|AR(Ka)|AR|AR(Ka/VA)|AR(Ka/CHU)|AR(Ka/CHU)|AR(CHU);1;1;1;0
mr. A.J. Thomassen Ã Thuessink van der Hoop;;0;0;0;0
J. Schepel;(AH)*|(AH)*|(AH)*|Lib|Lib|Lib(VT)|Lib|Lib(CHK)|Lib(VL);0;0;1;0
J.G. Nederhoed;AR(DT)|AR|AR;1;1;0;0
dr. G.C. Steijnis;;0;0;0;0
jhr.mr. W.H. de Savornin Lohman;AR|AR(Ka)|AR|AR;1;1;0;0
P.H. Dijkhuis;AR;1;0;0;0
dr. W.J.A. Jonckbloet;(AH)*;0;0;1;0
T. Borgesius;;0;0;0;0
mr. W. Woldringh;;0;0;0;0
K. Venema;;0;0;0;0
mr. H. Goeman Borgesius;(AH)*|Lib|Lib|Lib|Lib|Lib(VT)|Lib(VT)|Lib(VT)|Lib|Lib(VT)|Lib(VT)|Lib(VT)|Lib(VT)|Lib|Lib|Lib|Lib|Lib|Lib|Lib(SDAP)|Lib(VL)|Lib|Lib|Lib(VL)|Lib|Lib|Lib(VL/VD)|Lib|Lib|Lib(VL/VD/SDAP)|Lib(VL)|Lib(VL)|Lib|Lib|Lib;0;0;1;1
H.P. Hazewinkel;;0;0;0;0
D. Mulder Dzn.;(AH)*;0;0;1;0
mr. J.W.J. baron van Vos van Steenwijk;(AH)*|Lib;0;0;1;0
L.G. Brock;;0;0;0;0
D.R. Mansholt;Rad|Rad|V|Rad|Rad;0;0;0;1
mr. H.L. Drucker;Lib(VT)|Lib(VT)|Lib|Lib(AR/CHK)|Lib|VD(Lib)|VD(Lib/Ka)|VD(SDAP)|VD|VD|VD|VD(VL/Lib)|VD;1;1;1;1
A. Winkler Prins;;0;0;0;0
jhr.mr. O.Q. van Swinderen;CHK|CHK;0;0;0;0
mr. J.H. Smidt;;0;0;0;0
dr. J.M. Smit;Rad;0;0;0;1
mr. W. Goedkoop;;0;0;0;0
A. Blom;;0;0;0;0
mr. H. Vos;;0;0;0;0
mr. G.L. Kniphorst;;0;0;0;0
P.P. van Zuylen van Nijevelt;;0;0;0;0
mr. H.C. Carsten;;0;0;0;0
mr. H. Pelinck;;0;0;0;0
mr. J.H. Geertsema;(AH)*|(AH)*;0;0;1;0
D.T. Notten;;0;0;0;0
mr. J. Heemskerk Azn.;AK/DT/DZH|DZH(DT)|DZH(DT);0;1;0;0
J.F. de Ruyter de Wildt;;0;0;0;0
mr. W.B.S. Boeles;AK/DZH;0;0;0;0
mr. H.J. Smidt;(AH)*|Lib|Lib|Lib|Lib;0;0;1;0
A. Roelink;;0;0;0;0
jhr. W.A. van der Feltz;(AH)*|(AH)*|(AH)*|(AH)*|Lib|Lib;0;0;1;0
jhr.mr. M.M. van Asch van Wijck;AR(DT/DZH)|AR(DT)|AR;1;1;0;0
A. Brummelkamp sr.;AR|AR|AR|AR;1;0;0;0
mr. J.D. Dibbits;;0;0;0;0
mr. D.P.D. Fabius;AR|AR|AR|AR|AR|AR(Ka)|AR|AR|AR|AR(Ka)|AR(Ka/VA)|AR(Ka/CHP)|AR(Ka/CHP);1;1;0;0
mr. P.J.G. van Diggelen;(AH)*|(AH)*|Lib|Lib;0;0;1;0
mr. H. Smeenge;(AH)*|Lib|Lib|Lib(VT)|Lib|Lib(VL)|Lib|Lib(VL)|Lib|Lib;0;0;1;0
jhr.mr. T.A.J. van Asch van Wijck;AR(DT)|AR(DT)|AR(DT)|AR(DT)|AR(DT)|AR|AR(Ka)|AR|AR|AR|AR|AR(Ka)|AR(Ka)|AR(VA)|AR(Ka)|AR(Ka/VA);1;1;0;0
mr. Th. Heemskerk;AR|AR|AR(DT)|(DT)*|AR|AR|AR|AR(DT)|AR(DT)|AR|AR|AR(VT)|AR(VT)|AR(VT)|AR(VT)|AR(VT)|AR(Ka)|AR|AR(Ka)|AR(VT)|AR(Ka)|AR(Ka)|AR|AR(VT)|AR(Ka)|AR(VT)|AR|AR(Ka)|AR|AR(VT)|AR(VT)|AR(VT)|AR(Ka)|AR(Ka)|AR|AR(Ka)|AR|AR(Ka)|AR(Ka)|AR(Ka)|AR(Ka)|AR(Ka)|AR(VA)|AR(Ka/VA)|AR(Ka)|AR(VA)|AR(Ka)|AR(Ka/CHP)|AR(Ka/CHP/FCH)|AR(Ka/CHP)|AR(Ka/CHP)|AR(Ka/CHP);1;1;0;0
S. van Velzen jr.;AR|AR|AR(DT)|AR|AR|AR(Ka)|AR|AR(Ka)|AR|AR;1;1;0;0
dr. W.R. baron van HoÃ«vell;;0;0;0;0
mr. S. baron van Heemstra;;0;0;0;0
mr. H. van der Kooi;;0;0;0;0
mr. A. Ypey;;0;0;0;0
mr. S.A. Verweij;;0;0;0;0
mr. J.F. baron van Reede van Oudtshoorn;;0;0;0;0
dr. W.H. Idzerda;(AH)*|(AH)*|(AH)*|(AH)*;0;0;1;0
jhr. W.H. Lycklama Ã Nijeholt;;0;0;0;0
J. Andreae;;0;0;0;0
J. Hessels Tacoma;;0;0;0;0
mr. B. Brouwer;(AH)*;0;0;1;0
mr. B.J.L. baron van Geer van Jutphaas;AR|AR(DT)|AR(DT)|AR(DT)|AR(DT)|AR|AR|AR|AR(DT)|AR|AR|AR|AR(DT)|AR(DT)|AR(DT)|AR(Ka)|AR(Ka)|AR;1;1;0;0
A. van Assen;;0;0;0;0
G.H. Betz;;0;0;0;0
J.K.H. de Roo van Alderwerelt;(AH)*;0;0;1;0
S. Hingst;(AH)*|(AH)*|(AH)*|(AH)*|(AH)*;0;0;1;0
U. baron van Schwartzenberg en Hohenlansberg;AR;1;0;0;0
J. Binkes;AR(DT/DZH);1;1;0;0
jhr.mr. J.E.A. van Panhuys;;0;0;0;0
C.J. de Bordes;AR(DZH);1;0;0;0
mr. S. Vissering;;0;0;0;0
F. Lieftinck;(AH)*|(AH)*|(AH)*|(AH)*|Lib|Lib|Lib|Lib|Lib(VT)|Lib|Lib(CHK)|Lib(VL)|Lib(VL/VD/SDAP)|Lib|Lib|Lib(SDAP)|Lib(VL)|Lib(VL/VD/SDAP)|Lib|Lib(VL/VD/SDAP)|Lib;0;0;1;1
mr. A. Kerdijk;(AH)*|Lib|Lib|Lib|Lib(VT)|Lib|Lib|Lib;0;0;1;0
K. Eland;Lib|Lib|Lib(VL/Ka/CHP)|Lib|Lib|Lib(VL)|Lib(VL/VD/SDAP)|Lib|Lib(VL/VD/SDAP)|Lib;0;1;1;1
mr. L.G. Verwer;(DT)*|(DT)*;0;1;0;0
dr. J.A. Gerth van Wijk;AR(DT);1;1;0;0
dr. J. Zaaijer;(AH)*|(AH)*|Lib|Lib;0;0;1;0
H. Pierson;AR(DT);1;1;0;0
mr. W.J. baron van Welderen Rengers;(AH)*|Lib|Lib;0;0;1;0
dr. V. Bruinsma;Rad|Rad|Rad|V|Rad|Am(AKS)|Rad;0;0;0;1
P.C.F. Frowein;SDAP;0;0;0;1
mr. H.U. Huguenin;;0;0;0;0
jhr. F.J. van Eysinga;;0;0;0;0
jhr.mr. W.E. Engelen;;0;0;0;0
mr. C. Sleeswijk Vening;;0;0;0;0
mr. B. Rinia van Nauta;;0;0;0;0
mr. S. Wybenga;(AH)*|(AH)*|(AH)*|(AH)*|(AH)*|(AH)*;0;0;1;0
M. Kingma Hzn.;;0;0;0;0
L. Britzel;;0;0;0;0
jhr. J.A. Lycklama Ã Nijeholt;AK;0;0;0;0
mr. W. van Nauta Lemke;;0;0;0;0
A. Moens;(AH)*|(AH)*;0;0;1;0
M.W. baron van Tour van Bellinchave;(DT)*|AR(DT);1;1;0;0
W.M. Oppedijk;AR(DT)|AR(DT)|AR(DT)|AR(DT)|AR|AR(Ka)|AR(Ka)|AR(Ka);1;1;0;0
jhr.mr. J.H.F.K. van Swinderen;;0;0;0;0
mr. L.W.C. Keuchenius;AR|AR|AR|AR(DT)|AR|AR|AR|AR|AR|AR|AR|AR|AR|AR|AR|AR|AR|AR|AR|AR|AR|AR|AR|AR|AR|AR(DT)|AR|AR|AR(DT)|AR|AR|AR(DT)|AR(DT)|AR|AR|AR;1;1;0;0
J. Wolbers;AR|AR(DT)|AR|AR(DT);1;1;0;0
mr. Ph. van Blom;(AH)*|(AH)*;0;0;1;0
mr. W. baron van Heemstra;AR(DT);1;1;0;0
A. Buma;(AH)*|(AH)*|Lib|Lib;0;0;1;0
jhr. A. Lycklama Ã Nijeholt;AR(DT);1;1;0;0
B.H. Heldt;(AH)*|Lib|Lib|Lib|Lib|Lib(VT)|Lib|Lib(CHK)|VD(Lib)|VD|VD;0;0;1;0
A. baron van Schimmelpenninck van der Oye;AR|AR|AR(DT)|AR(DT)|AR(DT)|AR|AR(DT)|AR(DT)|AR(DT)|AR(DT)|AR|AR(DT)|AR(DT)|AR|AR(DT)|AR(DT)|AR|AR(Ka)|AR;1;1;0;0
R.K. Okma;AR(DT)|AR(Ka)|AR(Ka);1;1;0;0
mr. S. baron van Heemstra 2;AR(DT)|AR|AR|AR|AR(DT)|AR|AR|AR(VA)|AR(Ka);1;1;0;0
mr. W.G. baron van Brantsen van de Zijp;AR|AR(DT)|AR(DT)|AR(DT)|AR(DT)|AR(DT)|AR(Ka)|AR(Ka)|AR(TT)|AR|AR|AR;1;1;0;0
K. Kater;AR|AR(VT)|AR;1;0;0;0
jhr.mr. D. de Blocq van Haersma de With;;0;0;0;0
jhr.mr. J.M. van Haersma de With;;0;0;0;0
mr. W.W. Kutsch;;0;0;0;0
mr. G.G. Rinia van Nauta;;0;0;0;0
mr. J.H. Albarda;;0;0;0;0
O. baron van Wassenaer van Catwijck;DT/DZH|AR(DT/DZH)|AR|AR(DT)|AR(DT)|AR(DT)|AR|AR(DT)|AR|AR;1;1;0;0
mr. P.A.S. van Limburg Brouwer;;0;0;0;0
jhr.mr. S.W.H.A. van Beijma thoe Kingma;(AH)*;0;0;1;0
mr. F.J.J. baron van Heemstra;AR(DT);1;1;0;0
jhr.mr. C.L. van Beijma;;0;0;0;0
jhr.mr. L.H. van Asch van Wijck;;0;0;0;0
jhr.mr. J.M. van Beijma;;0;0;0;0
mr. W.A. Bergsma;(AH)*|(AH)*|(AH)*;0;0;1;0
mr. B.P. baron van Harinxma thoe Slooten;(AH)*|(AH)*;0;0;1;0
W. Reilingh;;0;0;0;0
jhr.mr. I.F. van Humalda van Eysinga;(AH)*;0;0;1;0
E.J. Attema;(AH)*;0;0;1;0
dr. E.B. Kielstra;(AH)*|(AH)*|Lib(VT)|Lib|Lib|Lib(VT)|Lib(TT)|Lib|VL(Lib)|VL;0;0;1;0
J.C. Fabius;AR(DT)|AR(DT)|AR|AR|AR(DT)|AR|AR(DT)|AR(DT)|AR(DT)|AR(DT)|AR(Ka)|AR|AR|AR;1;1;0;0
J. de Jong;AR(DT);1;1;0;0
mr. J.A.G. de Vos van Steenwijk;;0;0;0;0
mr. J. van Lennep;;0;0;0;0
J. van Andel;;0;0;0;0
J. Meesters;;0;0;0;0
J. van Eik;;0;0;0;0
J.L. Bernhardi;;0;0;0;0
mr. J.W. Gefken;AK/DT/DZH|AR(DT)|AR(DT/DZH)|AR(DT/DZH)|AR(DT);1;1;0;0
mr. A.J. Dijckmeester;(AH)*|(AH)*|(AH)*;0;0;1;0
G.H. Thomassen Ã Thuessink van der Hoop;AR(DT)|AR(DT)|AR(DT)|AR(DT);1;1;0;0
J.R. Meesters;(AH)*;0;0;1;0
mr. A. de Pinto;;0;0;0;0
mr. W.G. Hovy;;0;0;0;0
G. graaf van Schimmelpenninck;;0;0;0;0
jhr.mr. F. van Hogendorp;;0;0;0;0
mr. P. Mijer;;0;0;0;0
T.J. Stieltjes;(AH)*|(AH)*|(AH)*;0;0;1;0
mr. S.J. van Roijen;(AH)*|(AH)*;0;0;1;0
mr. J.P.J.A. graaf van Zuylen van Nijevelt;(DZH)*;0;0;0;0
mr. A. van Naamen van Eemnes;(AH)*|AH(DZH)|(AH)*|(AH)*;0;0;1;0
mr. G.A. de Meester;;0;0;0;0
mr. G.A. IJssel de Schepper;;0;0;0;0
mr. H.J.A. Raedt van Oldenbarnevelt;;0;0;0;0
mr. J. Kalff;;0;0;0;0
jhr.mr. H.A. Wttewael van Stoetwegen;;0;0;0;0
mr. C.T. graaf van Lynden van Sandenburg;(DT)*|DT/DZH|(DT)*;0;1;0;0
jhr.mr. J.A. Sandberg;(AH)*|(AH)*|(AH)*|(AH)*;0;0;1;0
mr. A.F. Vos de Wael;(DT)*|(DT)*|(DT)*|(DT)*|Ka(TT)  Ka(TT)|Ka|Ka|Ka|Ka|Ka|Ka(AR);1;1;0;0
A. baron van Dedem;AR(DT)|AR|AR(DT)|AR(DT)|AR(DT)|AR(DT)|AR(DT)|AR(Ka)|AR(Ka)|AR(TT)|AR(Ka)|VA(Ka)|VA(Ka/AR)|VA(Ka/AR)|CHP(Ka/AR)|CHU(Ka/AR)|CHU(Ka/AR)|CHU(Ka/AR);1;1;0;0
mr. D. Wicherlink;(AH)*|(AH)*;0;0;1;0
mr. R.A. Fockema;(AH)*;0;0;1;0
mr. B.G. ten Pol;;0;0;0;0
H. Smelt;;0;0;0;0
S.A. van Hoogstraten;;0;0;0;0
J.T. Roessingh Udink;;0;0;0;0
jhr. J.W. van Thye Hannes;;0;0;0;0
mr. A.A. van Wulfften Palthe;;0;0;0;0
mr. H. van Loghem;;0;0;0;0
mr. G.A. Vos de Wael;;0;0;0;0
mr. A.H.W. van Wulften Palten;;0;0;0;0
mr. R.J. graaf van Schimmelpenninck;AK/DT/DZH|DT/DZH|(DT)*|DZH(DT)|(DT)*|(DT)*|(DT)*|(DT)*|(DT)*|C(AR/Ka)|C(AR/Ka);1;1;0;0
H.A. Insinger;DZH(AR/DT)|(DT)*|(DT)*|(DT)*|(DT)*|DT/DZH;1;1;0;0
mr. J.R. Corver Hooft;DZH(DT)|DZH(AR/DT)|(DT)*|(DT)*|(DT)*|DT(AR)|DT(AR)|(DT)*|(DT)*;1;1;0;0
mr. S.J. baron van Pallandt;(AH)*|(AH)*;0;0;1;0
jhr. M.W.C. de Jonge;AR;1;0;0;0
H.P. Gelderman;(AH)*;0;0;1;0
I. Esser;AR|AR|AR|AR;1;0;0;0
mr. A. van Laer;(AH)*|(AH)*|(AH)*|(AH)*|(AH)*;0;0;1;0
J. van Alphen;AR|AR|AR|AR(DT)|AR(DT)|AR|AR|AR|AR|AR(VT)|AR(Ka)|AR|AR(VT)  AR(VT)|AR(VT)|AR|AR(Ka)|AR(Ka/VA)|AR(Ka/CHP);1;1;0;0
mr. E.J.I. van Sonsbeeck;;0;0;0;0
J.E. Stork;(AH)*;0;0;1;0
mr. A.H.M. van Berckel;(DT)*|DT(AR)|(DT)*|(DT)*|(DT)*|(DT)*|(DT)*|(DT)*|DT(AR)|(DT)*|DT(AR)|DT(AR)|DT(AR)|Ka(AR)|Ka|Ka(AR)|Ka|Ka|Ka(TT)|Ka(TT)|Ka|Ka|Ka;1;1;0;0
A.H. Jannink;(AH)*;0;0;1;0
mr. W.C.J.J. Cremers;DT(AR)|Ka(AR)|Ka;1;1;0;0
W.A. baron van Schimmelpenninck van der Oye;;0;0;0;0
G.M. Storm van 's Gravesande;;0;0;0;0
mr. G. Dumbar;(AH)*;0;0;1;0
mr. A. van Delden;(AH)*|(AH)*|(AH)*|(AH)*|(AH)*|Lib|Lib|Lib(TT)|VL|Lib;0;0;1;0
C.L.M. Smissaert van de Haere;;0;0;0;0
jhr.mr. P.J. Teding van Berkhout;;0;0;0;0
mr. W.A.A.J. baron van Schimmelpenninck van der Oye;AK/DT/DZH|DZH(DT);0;1;0;0
J.A. van de Velde;;0;0;0;0
M.D. van Otterloo;;0;0;0;0
mr. H.C. Dubois;;0;0;0;0
E. baron van Lynden;;0;0;0;0
mr.dr. J.J. Teding van Berkhout;AR|AR|AR(AH)|AR(DT);1;1;1;0
mr. W. van der Kaay;(AH)*|(AH)*|(AH)*|(AH)*|(AH)*|Lib|Lib|Lib|Lib|Lib(TT)  Lib(TT)|Lib(TT)  Lib(TT)|VL|VL;0;0;1;0
mr. A.P.R.C. baron van Borch van Verwolde;AR(DT)|AR(DT)|AR(DT)|AR(DT)|AR(DT)|AR|AR|AR|AR(DT)|AR(DT)|AR|AR|AR|AR(VT)|AR|AR|AR|AR(Ka)|AR|AR|AR|AR|AR(Ka)|AR(Ka/CHP)|AR(Ka/CHU)|AR(Ka/CHU)|AR(Ka/CHU);1;1;0;0
mr. F.T. Westerwoudt;;0;0;0;0
C. baron van HÃ¶vell;(DT)*|Ka;0;1;0;0
mr. P.F. Besier;AR;1;0;0;0
mr. H.J. Dijckmeester;(AH)*|(AH)*|(AH)*|(AH)*|(AH)*|Lib|Lib;0;0;1;0
R.W. van Lynden;;0;0;0;0
jhr. C.A.E.A. van Panhuys;;0;0;0;0
W.J. Knoop;(AH)*|(AH)*;0;0;1;0
mr. H.A. ridder van Rappard;(DZH)*|DZH(DT);0;1;0;0
J.E.H. baron van Nagell;;0;0;0;0
mr. P.P. van Bosse;(AH)*;0;0;1;0
mr. L.E. Lenting;(AH)*|(AH)*|(AH)*|(AH)*;0;0;1;0
mr. F.W.J. baron van Pallandt;;0;0;0;0
E.L. baron van Voorst tot Voorst;;0;0;0;0
mr. H.J. Swaving;;0;0;0;0
L.A.F.H. baron van Heeckeren;;0;0;0;0
mr. J. Dam;(AH)*;0;0;1;0
mr. B.A. Reigers;;0;0;0;0
F.H.J. van Nispen;;0;0;0;0
mr. F.R. Pennink;;0;0;0;0
mr. L.A.J.W. baron van Sloet van de Beele;(AH)*;0;0;1;0
jhr.mr. C.J.C.H. van Nispen tot Sevenaer;DT(DZH)|(DT)*|(DT)*|DT(DZH);0;1;0;0
mr. Ã. baron van Mackay 2;AR(DT/DZH)|AR|AR(DT)|AR(DT)|AR(DT)|AR(DT)|AR(DT)|AR(DT)|AR|AR|AR(TT)|AR|AR(VT)|AR(Ka/VA);1;1;0;0
jhr. F.J. van Nispen;;0;0;0;0
mr. J.P.R. Tak van Poortvliet;(AH)*|(AH)*|Lib|Lib|Lib(VT)|Lib|Lib|Lib(VT)|Lib|Lib|Lib|Lib(CHK)|Lib|Lib(CHK)|Lib;0;0;1;0
mr. C.J. Sickesz;(AH)*;0;0;1;0
mr. T.P. baron van Mackay;AR(DT)|AR(DT)|AR(DT)|AR(DT)|AR(DT)|AR(DT)|AR(Ka)|AR(Ka)|AR(TT)  AR(TT);1;1;0;0
mr. W. baron van Heeckeren van Kell;;0;0;0;0
jhr.mr. H.B. van Tets;(AH)*;0;0;1;0
jhr.mr. S.M.S. de Ranitz;(AH)*|(AH)*|Lib;0;0;1;0
K.W. van Gorkom;(AH)*|(AH)*|(AH)*|(AH)*|(AH)*;0;0;1;0
J. Willink;(AH)*|Lib(VT);0;0;1;0
mr. J.D.C. baron van Heeckeren van Kell;AR(DT);1;1;0;0
J.B. Dericks;(DT)*;0;1;0;0
E.W. van Dam van Isselt;;0;0;0;0
mr. G.J.C. Schneither;;0;0;0;0
P.C.G. Guyot;;0;0;0;0
G.A. de Fokker;;0;0;0;0
mr. P.C. baron van Nahuijs;;0;0;0;0
jhr.mr. J.G.H. van Tets van Goudriaan;AK/DZH;0;0;0;0
mr. J.J.A.A. baron van Pallandt van Westervoort;;0;0;0;0
mr. J.F. Pringle;;0;0;0;0
mr. C.P. Henny;;0;0;0;0
O. van Rees;(AH)*;0;0;1;0
mr. W. baron van Goltstein;(AH)*|(AH)*|(DT)*|Lib(NK)|Lib;0;1;1;0
mr. G. van Oosterwijk;;0;0;0;0
A. Kool;(AH)*;0;0;1;0
jhr.mr. G.J.T. Beelaerts van Blokland;(DT)*|AR(DT)|AR(DT)|AR(DT)|AR(DT)|AR(DT)|AR(DT)|AR(DT)|AR|(DT)*|AR(Ka)|AR|AR(TT)|AR(TT)|AR|AR(Ka)|AR(TT)|AR(TT)|AR(TT);1;1;0;0
dr. T.C.L. Wijnmalen;AR|AR|AR|AR|AR|AR|AR|AR;1;0;0;0
P.W. van der Sleyden;(AH)*|(AH)*|(AH)*|VL(Lib);0;0;1;0
H.J. Enderlein;;0;0;0;0
mr. H.C. Verniers van der Loeff;(AH)*|(AH)*|(AH)*|(AH)*|(AH)*|(AH)*|Lib;0;0;1;0
W. Rooseboom;(AH)*|(AH)*|Lib|Lib;0;0;1;0
mr. R. baron van Melvil van Lynden;AR(DT)|AR|AR(Ka);1;1;0;0
jhr. G.E.G.C.K. Dommer van Poldersveldt;;0;0;0;0
J.W. Losecaat Vermeer;;0;0;0;0
jhr. C.E.J.F. van Nispen van Pannerden;;0;0;0;0
mr. J. Rau van Gameren;;0;0;0;0
mr. C.G. van Sandick;;0;0;0;0
mr. W.C.C. Sassen jr.;;0;0;0;0
mr. C.J.A. Heydenrijck;AK/DT/DZH|(DT)*|(DT)*|(DT)*|(DT)*  (DT)*|Ka;0;1;0;0
mr. A. Schouten;;0;0;0;0
mr. W.J. Triebels;(AH)*|(AH)*;0;0;1;0
mr. W. Francken;;0;0;0;0
mr. F.P. Bijleveld;;0;0;0;0
mr. J.J. van Meerbeke;;0;0;0;0
jhr. R.A.J.B.M. van Nispen tot Sevenaer;;0;0;0;0
mr. W.J.J.G. Most;(AH)*|(AH)*;0;0;1;0
mr. G.W. graaf van Rechteren van Appeltern;AR;1;0;0;0
H. Duys;AR;1;0;0;0
A.E. Reuther;(DT)*|(DT)*|(DT)*|Ka;0;1;0;0
mr. M.J.C.M. Kolkman;(DT)*|(DT)*|(DT)*|Ka|Ka|Ka(TT)|Ka|Ka(AR)|Ka(AR/CHP)|Ka;1;1;0;0
C.A.L. baron van Hugenpoth tot Aerdt;;0;0;0;0
mr. M.A. van Roggen;(AH)*;0;0;1;0
mr. J.G. Gleichman;(AH)*|(AH)*|(AH)*|(AH)*|(AH)*|Lib(TT)|Lib|Lib|Lib(TT)  Lib(TT)|Lib|Lib|Lib|Lib(TT)|Lib(TT)|Lib(TT)|Lib(TT)|VL|Lib(CHK/Ka);0;1;1;0
mr. N.F.C.J. Sassen;;0;0;0;0
mr. J.A.A. Leemans;;0;0;0;0
J.C. Rijk;;0;0;0;0
D.C. Steyn ParvÃ©;;0;0;0;0
jhr. P.A. Reuchlin;;0;0;0;0
A.F.H. Hoffmann;;0;0;0;0
J. van den Andel;;0;0;0;0
jhr. B. van Merlen;;0;0;0;0
mr. W.F.C. van Lidt de Jeude;;0;0;0;0
J.C.F. van Hoytema;;0;0;0;0
mr. H. Dijckmeester;;0;0;0;0
J.J. Hasselman;AK/DT/DZH;0;1;0;0
A.A. Bleijenberg;;0;0;0;0
mr. D.J. baron van Mackay;(AH)*;0;0;1;0
L. Mulder;(AH)*|(AH)*|(AH)*;0;0;1;0
mr. W.H. de Beaufort;(AH)*|(AH)*|(AH)*|(AH)*|(AH)*|(AH)*|Lib|Lib|Lib|Lib(TT)|Lib(TT)|Lib(TT)  Lib(TT)|Lib(TT)  Lib(TT)  Lib(TT)|Lib(TT)|Lib|Lib|Lib|Lib|Lib(TT)  Lib(TT)|Lib(TT)|Lib(TT)|VL|VL|VL(Lib)|VL(Lib)|VL|VL|VL(Lib/VD)|VL|VL|VL|VL(Lib/VD)|VL;0;0;1;0
P.A.C.H.T.A. WerdmÃ¼ller von Elgg;;0;0;0;0
F.W.J. baron van Aylva van Pallandt;AR(DT)|AR(DT)|AR(DT);1;1;0;0
mr. C. Pijnacker Hordijk;(AH)*;0;0;1;0
mr. P. Rink;(AH)*|Lib|Lib(VT)|Lib|Lib|Lib|Lib|Lib(VL)|Lib(VL/VD/SDAP)|Lib(VL)|Lib|Lib(VL/VD/SDAP)|Lib(VL)|Lib(VL/VD/Ka/CHU)|Lib|Lib(VL/VD)|Lib|Lib;0;1;1;1
mr. M. Tydeman jr.;(AH)*|Lib|Lib|Lib(VT)|Lib|Lib|Lib|VL|VL(Lib)|VL|VL|VL;0;0;1;0
mr. J.J. van den Hagen van den Heuvel;;0;0;0;0
mr. J. Ackersdijk;;0;0;0;0
mr. H.A. Laan;;0;0;0;0
mr. B.G.A. Pabst;;0;0;0;0
mr. W.J.C. van Hasselt;;0;0;0;0
N.B. Donkersloot;;0;0;0;0
jhr.mr. H.A.M. van Asch van Wijck;;0;0;0;0
mr. A.G.J. baron van Taets van Amerongen;;0;0;0;0
dr. A. Vrolik;;0;0;0;0
mr. H. Verloren van Themaat;(AH)*|(AH)*;0;0;1;0
mr. E.L. baron van Hardenbroek van Lockhorst;(DT)*|(DZH)*;0;1;0;0
mr. W.R. Boer;(AH)*|(AH)*;0;0;1;0
mr. W.F.H. baron van Wassenaer van den Briellard;;0;0;0;0
mr. J. Schimmel;;0;0;0;0
mr. S.J. van Geuns;;0;0;0;0
J.A. Alberdingk Thijm;;0;0;0;0
mr. M.J. Pijnappel;AK/DT/DZH|Lib(TT)  Lib(TT)|VL|VL(CHK);0;1;1;0
H.C. van der Houven van Oordt;Lib;0;0;1;0
mr. W.K.F.P. graaf van Bylandt;AR(DT)|AR(DT)|AR(DT)|AR(DT)|AR(Ka)|AR(Ka)|AR(TT)  AR(TT)|AR(Ka)|VA(Ka/AR)|VA(Ka/AR)|VA(Ka/AR)|CHP(AR)|CHU(Ka/AR)|CHU(Ka/AR)|CHU(Ka/AR);1;1;0;0
jhr.mr. J.E. Huydecoper van Nigtevecht;(AH)*|(AH)*;0;0;1;0
mr. F.A.R.A. baron van Ittersum;(AH)*;0;0;1;0
jhr.mr. P.A.M. van Oosthuijse van Rijckevorsel van Rijsenburg;;0;0;0;0
mr. N.P.J. Kien;(DZH)*|DZH(DT)|DZH(AR/DT);1;1;0;0
mr. E. du Marchie van Voorthuysen;AK/DZH|(AH)*;0;0;1;0
jhr.mr. J.L.B. de Muralt;;0;0;0;0
mr. W.R. baron van Tuyll van Serooskerke;;0;0;0;0
J.N. Bastert;(AH)*|(AH)*|(AH)*|(AH)*|(AH)*|(AH)*|Lib(TT)|Lib|Lib|VL(CHK)|VL(CHK);0;0;1;0
E.H. Kol;;0;0;0;0
mr. E.A.J. Francis;;0;0;0;0
mr. J. Messchert van Vollenhoven;AR|AR|AR;1;0;0;0
mr. J.G. de Bruijn;(DT)*|(DT)*|Ka;0;1;0;0
jhr.mr. J. RoÃ«ll;(AH)*|(AH)*|(AH)*|(AH)*|Lib|Lib|Lib(TT)|Lib(TT)|VL|VL(Lib)|VL(Lib/VD)|VL|VL(Lib/VD)|VL|VL(Lib/VD);0;0;1;0
J.E.N. baron van Schimmelpenninck van der Oye;AR(DT)|AR|AR(DT)|AR(DT)|AR(DT)|AR|AR(Ka)|AR|AR|AR(Ka);1;1;0;0
jhr.mr. J.H. Hora Siccama;AR|AR;1;0;0;0
mr. J.J.I. Harte van Tecklenburg;(DT)*|Ka|Ka|Ka|Ka|Ka|Ka|Ka;0;1;0;0
mr. W.J. Royaards van den Ham;(AH)*|Lib|Lib|Lib|Lib|Lib(TT)  Lib(TT);0;0;1;0
J. Duyvis;Lib(VT);0;0;1;0
mr. L.G. Greeve;(AH)*|Lib|Lib;0;0;1;0
A.L. van Tienen;;0;0;0;0
jhr. C. Hartsen;(DT)*|(DT)*|C(Ka)|C(AR/Ka);1;1;0;0
jhr. D.J.A.A. van Lawick van Pabst tot Nijevelt;(AH)*;0;0;1;0
J.F.H. Bekhuis;Ka(TT)|Ka|Ka;0;1;0;0
C.J. Hacke van Mijnden;(AH)*;0;0;1;0
jhr. P. Opperdoes Alewijn;;0;0;0;0
E.T. Scheltinga Winterberg;;0;0;0;0
J.C. Pilaar;;0;0;0;0
S.A. de Moraaz;;0;0;0;0
G. van Leeuwen;;0;0;0;0
jhr.mr. C. Backer;;0;0;0;0
mr. C.P.L. Brugmans;;0;0;0;0
van Ghert;;0;0;0;0
mr. H.J. Smit;;0;0;0;0
J.C. van Wessem;;0;0;0;0
mr. W.H. van Voorst;;0;0;0;0
mr. C.F. Geulger;;0;0;0;0
mr. P. Elias;;0;0;0;0
mr. C. Diemont;;0;0;0;0
J. Leijen;;0;0;0;0
mr. M.H. Godefroi;AH(DZH)|(AH)*;0;0;1;0
D.D. BÃ¼chler;;0;0;0;0
M. Wiardi Beckman;;0;0;0;0
P. Bruining;;0;0;0;0
mr. F.A. van Hall;;0;0;0;0
mr. J. Heemskerk Bzn.;(AH)*;0;0;1;0
P.C. GÃ¼lcher;;0;0;0;0
J.F. Broms;;0;0;0;0
C.J. de Bruyn Kops;;0;0;0;0
jhr.mr. D. van Akerlaken;(AH)*|(AH)*;0;0;1;0
mr. A.S. van Nierop;(AH)*;0;0;1;0
J. Donker Hzn.;;0;0;0;0
S. de Vries;;0;0;0;0
J.D. Kruseman;;0;0;0;0
mr. L.G. VernÃ©e;;0;0;0;0
A.S. van Nierop;;0;0;0;0
P. Buijskes;;0;0;0;0
mr.dr. P.M. Tutein Nolthenius;;0;0;0;0
jhr.mr. P.J. Elout van Soeterwoude;;0;0;0;0
J.B.S. Sutherland;;0;0;0;0
mr. J.G.A. Faber;;0;0;0;0
H. Koomen;;0;0;0;0
mr. M.J. de Lange;(AH)*|(AH)*;0;0;1;0
H. Mensonides;;0;0;0;0
Mensonides;;0;0;0;0
mr. W. Terpstra;;0;0;0;0
H. Raat;;0;0;0;0
mr. D. Visser;;0;0;0;0
mr. J. de Neufville;;0;0;0;0
mr. L.F.C. Gasinjet;;0;0;0;0
mr. H.J. Koenen;;0;0;0;0
mr.dr. E.H. s' Jacob;AK/DT/DZH|DT/DZH|DT/DZH|DZH(DT);0;1;0;0
K.H. de Jong;(AH)*|(AH)*|(AH)*|(AH)*;0;0;1;0
I.D. Fransen van de Putte;(AH)*|(AH)*;0;0;1;0
C. Bloem;;0;0;0;0
W. von Wrangel auf Lindenberg;AR|AR|AR|AR|AR;1;0;0;0
C. Donker;;0;0;0;0
mr. W.K. baron van Dedem;(AH)*|(AH)*|(AH)*|Lib|Lib;0;0;1;0
mr. D. Visser van Hazerswoude;(AH)*|(AH)*|(AH)*|Lib;0;0;1;0
W. Bos;(DT)*|(DT)*|(DT)*|(DT)*|(DT)*|(DT)*|DT(AR)|Ka|Ka|Ka(AR);1;1;0;0
H.W. van Marle;AR|AR|AR(DT)|AR|AR|AR(DT)|AR(DT)|AR|AR|AR|AR|AR|AR(Ka)|AR|AR|AR(VT)|AR(Ka)|AR(Ka/VA);1;1;0;0
jhr.mr. C. van Foreest;AK/DT/DZH|(DT)*;0;1;0;0
W.J.C. Waterschoot van der Gracht;;0;0;0;0
C. van de Stadt;;0;0;0;0
J.J. Rochussen;;0;0;0;0
mr. C. Sandenbergh Matthiessen;;0;0;0;0
jhr. M. Salvador;;0;0;0;0
F. Sieuwerts;;0;0;0;0
J.L. Kikkert;;0;0;0;0
R.C. Sloos;;0;0;0;0
J.D. van Herwerden;;0;0;0;0
mr. J.L. de Bruyn Kops;(AH)*|(AH)*|(AH)*|(AH)*|(AH)*|(AH)*;0;0;1;0
jhr.mr. H.G.C.L. Janssens;;0;0;0;0
jhr. F. de Casembroot;DZH(DT)|DZH(DT)|DZH(AR/DT)|(DT)*|(DT)*;1;1;0;0
mr. D.C.A. graaf van Hogendorp;DT/DZH;0;1;0;0
G. Fabius;(DT)*|(DZH)*;0;1;0;0
mr. J.A.N. Travaglino;(DT)*|(DT)*|(DT)*|(DT)*|Ka|Ka|Ka(TT)|Ka|Ka(AR)|Ka|Ka;1;1;0;0
mr. I.A. Levy;;0;0;0;0
C. van der Tuuk;;0;0;0;0
mr. A.A. del Court van Krimpen;;0;0;0;0
mr. D. LÃ©on;;0;0;0;0
G.L.J. van der Hucht;;0;0;0;0
J.J. van Mulken;;0;0;0;0
H.G. Jansen;;0;0;0;0
jhr.mr. J.L.C. van den Berch van Heemstede;AR|AR(DZH)|AR(DT)|(DZH)*;1;1;0;0
mr. D. Koorders;;0;0;0;0
mr. C.J.F. Mirandolle;(AH)*|(AH)*|(AH)*|(AH)*;0;0;1;0
A. van Lennep;(DT)*;0;1;0;0
mr. C. Fock;(AH)*|(AH)*;0;0;1;0
mr. J. Kappeyne van de Coppello;;0;0;0;0
mr. M.J. van Lennep;DZH(AR/DT);1;1;0;0
dr. C.G. von Reeken;(AH)*;0;0;1;0
mr. C.A.H. Barge;(DT)*|(DT)*|Ka(AR);1;1;0;0
W. de Meyier;(AH)*|(AH)*|AH(AR/DT)|(AH)*|Lib|Lib|Lib|Lib(TT);1;1;1;0
L. Lindeboom;;0;0;0;0
jhr.mr. A.J. Rethaan MacarÃ©;Lib;0;0;1;0
M.W. van der Aa;(DT)*|(DT)*;0;1;0;0
mr. A.J.W. Farncombe Sanders;(AH)*|(AH)*|Lib|Lib(Ka)|Lib(VT)|Lib(VT);0;1;1;0
H. Stolte;;0;0;0;0
dr. E.C. BÃ¼chner;;0;0;0;0
mr. J.W. van Romunde;;0;0;0;0
mr. H. Provo Kluit;;0;0;0;0
mr. L.A. Ligtenvelt;;0;0;0;0
S.R. van Franck;;0;0;0;0
dr. J. Bosscha;;0;0;0;0
J.C. Baud;;0;0;0;0
jhr. J.P. Cornets de Groot van Kraayenburg;;0;0;0;0
A. van Geuns;;0;0;0;0
W.C. van Vollenhoven;;0;0;0;0
S. Cool;;0;0;0;0
R.D. Wolterbeek;;0;0;0;0
jhr.mr. G.C.J. van Reenen;DT/DZH|DZH(DT);0;1;0;0
mr. C. van Heukelom;(AH)*;0;0;1;0
W. Poolman;;0;0;0;0
J.G. Rijnders;;0;0;0;0
E.W. Cramerus;;0;0;0;0
J. van Swieten;;0;0;0;0
J.J.A. Santhagens;;0;0;0;0
D.A. van Heemskerk Veeckens;;0;0;0;0
mr. J.J.W. van den Biesen;(DT)*|(DT)*|(DT)*|DT/DZH|(DT)*|(DT)*;0;1;0;0
mr. C.F. GÃ¼lcher;;0;0;0;0
C.P. van Eeghen;;0;0;0;0
mr. J. Wertheim;;0;0;0;0
J. Dirks;;0;0;0;0
G.C.C. Pels Rijcken;AK/DT/DZH;0;1;0;0
H.A. Hartogh;AK/DT/DZH;0;1;0;0
dr. J. Bosscha jr.;(AH)*|(AH)*;0;0;1;0
mr. N.J. den Tex;;0;0;0;0
mr. T.M.C. Asser;;0;0;0;0
J.P. de Bordes;(AH)*|(AH)*;0;0;1;0
mr.dr. J.A. Jolles;(AH)*;0;0;1;0
A.J.H. van der Toorn;;0;0;0;0
mr.dr. G. de Vries;(AH)*;0;0;1;0
mr. S.A. Vening Meinesz;(AH)*|(AH)*;0;0;1;0
S.W.J. Jitta;;0;0;0;0
jhr.mr. J.W.H. Rutgers van Rozenburg;(AH)*|(AH)*|(AH)*|(AH)*|(AH)*|(AH)*|(AH)*|(AH)*|Lib|Lib|Lib(TT)  Lib(TT);0;0;1;0
P.H. Holtzman;(AH)*|(AH)*;0;0;1;0
mr. G. van Tienhoven;Lib(TT);0;0;1;0
W.A. Froger;;0;0;0;0
W. Hovy;AR|AR(DT)|AR|AR|AR|AR|AR(Ka)|AR|AR(Ka)|AR(Ka);1;1;0;0
A.M.J. Henrichs;;0;0;0;0
A. Wiegel;;0;0;0;0
jhr. H.O. Wichers;(AH)*;0;0;1;0
mr. H.J. Kist;(AH)*|(AH)*|(AH)*|(AH)*;0;0;1;0
jhr.mr. K.A. Godin de Beaufort;AR(DT)|AR(DT)|AR(DT)|AR(DT)|AR(DT)|AR|AR(Ka);1;1;0;0
B.R.F. van Vlijmen;(DT)*|Ka|Ka|Ka|Ka|Ka|Ka|Ka|Ka|Ka;0;1;0;0
A. Gildemeester;(AH)*|(AH)*|(AH)*|Lib;0;0;1;0
J.T. Cremer;(AH)*|(AH)*|(AH)*|Lib|Lib|Lib(VT)|Lib|Lib(CHK)|Lib(AR);1;0;1;0
mr. A.W. van Beeck Calkoen;AR(DT)|AR;1;1;0;0
mr. A.F.K. Hartogh;(AH)*|(AH)*|Lib|Lib|Lib(VT)|Lib|Lib(CHK);0;0;1;0
mr. F.J.M.A. Reekers;(DT)*|(DT)*|(DT)*|(DT)*|(DT)*|(DT)*|DT(AR)|(DT)*|Ka|Ka|Ka(AR)|Ka|Ka(AR)|Ka(TT)|Ka(TT)|Ka(TT)|Ka(TT)|Ka|Ka|Ka|Ka|Ka;1;1;0;0
dr. P.J.F. Vermeulen;(DT)*|(DT)*|(DT)*|(DT)*|(DT)*|(DT)*|(DT)*|(DT)*|Ka|Ka|Ka|Ka;0;1;0;0
P.H. Smithuijzen;(DT)*;0;1;0;0
mr. J.P. Amersfoordt;(AH)*;0;0;1;0
mr. H.A. des Amorie van der Hoeven;(DT)*|(DT)*|(DT)*;0;1;0;0
H.F. Bultman;(AH)*|(AH)*|(AH)*|(AH)*|Lib|Lib;0;0;1;0
P.H. baron van Taets van Amerongen;AK/DT/DZH|DT/DZH;0;1;0;0
mr. J.H. van der Sande;;0;0;0;0
mr. N. Sikkel Groos;;0;0;0;0
mr. A. Jongkindt Coninck;;0;0;0;0
dr. P. Bleeker;;0;0;0;0
mr. D.T. Siegenbeek;;0;0;0;0
F.L. Geerling;;0;0;0;0
jhr.mr. H. van Alphen;;0;0;0;0
C. de Graaf;;0;0;0;0
mr. H.A. Neeb;(AH)*|(AH)*|(AH)*;0;0;1;0
W.J.F. Nuyens;;0;0;0;0
G.J. Grashuis;(AH)*;0;0;1;0
L.M. de Laat de Kanter;(AH)*|(AH)*;0;0;1;0
J.H. Donner;AR(DT)|AR(DT)|AR|AR|AR|AR|AR|AR|AR|AR(VT)|AR(VT)|AR(VT)|AR|AR|AR;1;1;0;0
jhr.mr. E. van den Berch van Heemstede;;0;0;0;0
R.G.S. baron van Rhemen tot Rhemenshuizen;;0;0;0;0
mr. A.E.J. Modderman;(AH)*|(AH)*;0;0;1;0
H.J. Bool;(AH)*|(AH)*|Lib|Lib|Lib(TT);0;0;1;0
mr. J.T. Buys;(AH)*;0;0;1;0
D. Hartevelt;(AH)*|(AH)*;0;0;1;0
J. van der Breggen;(AH)*|(AH)*;0;0;1;0
mr. H. graaf van Limburg Stirum;(AH)*|(AH)*;0;0;1;0
mr. J.P. Smeele;(DT)*|DT(AR)|(DT)*|(DT)*;1;1;0;0
J. Rinkes Borger;(AH)*|(AH)*;0;0;1;0
J.P.T. van Nunen;(DT)*|(DT)*|(DT)*|Ka(AR)|Ka|Ka|Ka;1;1;0;0
mr. F. Was;;0;0;0;0
mr. P.L.F. BlussÃ©;;0;0;0;0
mr. P.C. Schooneveld;;0;0;0;0
jhr.mr. W.M. de Brauw;AK/DT/DZH|DT/DZH|DZH(DT)|DZH(DT);0;1;0;0
mr. J.H. Gilquin;;0;0;0;0
S.H. van Hoogstraten;;0;0;0;0
mr. A.H.J. Ravesteijn Medenblik;;0;0;0;0
mr. P.F. Hubrecht;;0;0;0;0
mr. J.B.L. Wentholt;(AH)*;0;0;1;0
J. Voorhoeve H Czn.;AR;1;0;0;0
mr. M. Bichon van Ysselmonde;AR(DT)|AR(DT)|(DZH)*|AR;1;1;0;0
jhr.mr. H.J. van der Heim;;0;0;0;0
mr. J.G. Patijn;AH(DZH)|(AH)*|(AH)*|Lib|Lib|Lib|Lib|Lib;0;0;1;0
mr. A.A. van Bergen Ijzendoorn;(AH)*;0;0;1;0
mr. J. Fortuijn Droogleever;(AH)*|Lib;0;0;1;0
mr. W. Thorbecke;(AH)*|(AH)*;0;0;1;0
mr. A.J. Roest;(AH)*|(AH)*;0;0;1;0
P. Loopuyt;;0;0;0;0
dr. G. Simons;;0;0;0;0
mr. A.M. de Rouville;;0;0;0;0
mr. J.C. van den Honert;;0;0;0;0
D.J. Ammerlaan;;0;0;0;0
J. van Woerden;;0;0;0;0
dr. K.A. Rombach;(AH)*|(AH)*|(AH)*|(AH)*|(AH)*;0;0;1;0
mr. J. van Kuyk;(DZH)*;0;0;0;0
J.L. Nierstrasz;AK/DZH|DZH(DT)|DZH(DT);0;1;0;0
mr. C.C.E. d' Engelbronner;;0;0;0;0
C.J. Vaillant;(AH)*|(AH)*|(AH)*|(AH)*;0;0;1;0
A.M. Schagen van Leeuwen;(AH)*|(AH)*|(AH)*;0;0;1;0
S. Gille Heringa;(DT)*|(DT)*;0;1;0;0
mr. O.W. Star Numan;;0;0;0;0
H. Seret;AR|AR|AR(DT)|AR|AR(DT)|AR(DT)|AR(VT)|AR|AR|AR(VT)|AR(VT)|AR(Ka)|AR|AR(VT)|AR(Ka)|AR(Ka);1;1;0;0
mr. H.D. Levyssohn Norman;(AH)*|(AH)*|Lib|Lib;0;0;1;0
jhr.mr. W.T.C. van Doorn;(AH)*|(AH)*|Lib|Lib|Lib(VL)|Lib(VL)|Lib(VL/VD)|Lib(VL)|Lib(VL/VD/SDAP)|Lib|Lib(VL/VD/SDAP)|Lib;0;0;1;1
mr. A.M. Maas Geesteranus;(AH)*;0;0;1;0
P.H. Tromp;;0;0;0;0
P. van Swieten;;0;0;0;0
mr. A. Hoynck van Papendrecht;;0;0;0;0
mr. E.J.A. graaf van Bylandt;;0;0;0;0
F.W.C. Blom;(AH)*|(AH)*;0;0;1;0
W.A. Viruly Verbrugge;(AH)*|(AH)*|(AH)*|(AH)*|(AH)*|(AH)*|Lib|Lib|Lib(TT);0;0;1;0
F. s' Jacob;;0;0;0;0
A.D. van der Gon Netscher;;0;0;0;0
mr. G. Mees Azn.;;0;0;0;0
mr. A.A. Weve;;0;0;0;0
A. Rueb;;0;0;0;0
R. Baelde;;0;0;0;0
dr. R.P. Mees R.Az.;(AH)*|(AH)*|(AH)*|(AH)*|(AH)*|Lib|Lib|Lib(TT)|Lib|Lib|VL(Lib)|VL(Lib/VD);0;0;1;0
J. van Stolk Jzn.;(AH)*|(AH)*;0;0;1;0
mr. J. van Gennep;(AH)*|(AH)*|(AH)*|Lib(TT);0;0;1;0
mr. W.H. Jansen;(DT)*|(DT)*|(DT)*|(DT)*|(DT)*|(DT)*;0;1;0;0
G.H. van Soest;;0;0;0;0
M.L. van Deventer;;0;0;0;0
G.P. Ittmann;AR(DT);1;1;0;0
J.G. van den Bergh;(DT)*;0;1;0;0
J.M. Voorhoeve;AR|AR|AR(Ka)|AR|AR|AR(VT)|AR(VT);1;1;0;0
mr. G. Bahlmann;(DT)*;0;1;0;0
dr. H.J.A.M. Schaepman;(DT)*|(DT)*|(DT)*|(DT)*|(DT)*|Ka(AR)|Ka(AR)|Ka(VT)|Ka(VT)|Ka(VT)|Ka|Ka|Ka(AR)|Ka|Ka(AR)|Ka(VT)|Ka(VT)  Ka(VT)|Ka(VT)  Ka(VT)|Ka(VT)|Ka(AR)|Ka|Ka|Ka|Ka|Ka|Ka|Ka(AR)|Ka|Ka|Ka|Ka|Ka|Ka|Ka|Ka(AR)|Ka;1;1;0;0
mr. J.H.L. Haffmans;(DT)*|AK/DT/DZH|(DT)*|(DT)*|(DT)*|(DT)*|(DT)*|Ka|Ka;0;1;0;0
mr. B.M. Bahlmann;(DT)*|(DT)*|(DT)*|(DT)*|(DT)*|(DT)*|Ka|Ka|Ka|Ka|Ka|Ka|Ka|Ka|Ka|Ka;0;1;0;0
J.J.G. Nollet;(DT)*;0;1;0;0
G.F. Lette;;0;0;0;0
mr. G.J. Goekoop;(AH)*|(AH)*|Lib|Lib|Lib(TT)|Lib(TT)|Lib|Lib|Lib(CHK)|VL(Lib)|VL(Lib/VD);0;0;1;0
jhr.mr. W. Boreel van Hogelanden;;0;0;0;0
E. van der Oudermeulen;;0;0;0;0
G.L. Baud;;0;0;0;0
dr. I.P. Delprat;;0;0;0;0
R.F. baron van Raders;;0;0;0;0
C. Schiffer;;0;0;0;0
F.A.T. Delprat;;0;0;0;0
mr. G.B. Emants;;0;0;0;0
jhr. C.A. van Sypesteyn;AK/DZH|(DT)*;0;1;0;0
jhr.mr. H.C. van der Wijck;;0;0;0;0
jhr.mr. F.L.W. de Kock;;0;0;0;0
mr. E.H. Karsten;(AH)*;0;0;1;0
jhr.mr. J.K.J. de Jonge;(AH)*;0;0;1;0
mr. A. Haakma van Royen;(AH)*;0;0;1;0
jhr.mr. J.K.W. Quarles van Ufford;(AH)*;0;0;1;0
jhr. G.J.G. Klerck;(AH)*;0;0;1;0
R.A.W. Sluiter;(AH)*;0;0;1;0
jhr.mr. A.P.C. van Karnebeek;(AH)*|Lib(TT)|Lib(TT)|Lib|VL|VL(CHK)|VL(CHK)|VL(Lib)|VL(Lib/VD)|VL|VL(Lib/VD)|VL|VL(Lib/VD);0;0;1;0
jhr. P.O.H. Gevaerts van Simonshaven;AR;1;0;0;0
mr. H.M.A. baron van Goes van Dirxland;(AH)*|Lib|Lib;0;0;1;0
J. Canter Visscher;(DT)*;0;1;0;0
mr. J.D. van der Poel;;0;0;0;0
mr. G.A. de Raadt;;0;0;0;0
mr. P.A. Sander;;0;0;0;0
mr. J.G. Kist;;0;0;0;0
J.P. Bredius;(AH)*|(AH)*|(AH)*;0;0;1;0
M. graaf van Limburg Stirum;;0;0;0;0
mr. M.G. Timmers Verhoeven;;0;0;0;0
mr. H.M. Barendrecht;;0;0;0;0
P.R. van der Made;;0;0;0;0
mr. J.B. van Osenbruggen;(AH)*|(AH)*|(AH)*|(AH)*|(AH)*|Lib|Lib|Lib;0;0;1;0
G.A. Loeff;;0;0;0;0
G.H. Veth;;0;0;0;0
C.W. Pape;;0;0;0;0
mr. E.C. van Baerle;;0;0;0;0
W.C.M. Begram;(DZH)*|DZH(DT);0;1;0;0
mr. A.J. Korteweg;;0;0;0;0
mr. C.W.J. baron van Boetzelaar van Dubbeldam;;0;0;0;0
mr. I. Capadose;;0;0;0;0
mr. J. van Heusde;;0;0;0;0
jhr. F.G.E. Merkes van Gendt;;0;0;0;0
J.J. van Tienhoven van den Boogaard;(AH)*|(AH)*|Lib;0;0;1;0
mr. J.H. s' Jacob;;0;0;0;0
J.A.A. Waldorp;;0;0;0;0
C.A. Jeekel;(AH)*;0;0;1;0
mr. H.P. de Kanter;(AH)*|Lib(VT)|Lib(VT)|Lib|Lib|Lib(VL)|Lib(VL)|Lib(VL)|Lib|Lib;0;0;1;0
C. van Andel;(AH)*;0;0;1;0
jhr. P. Damas van Citters;;0;0;0;0
C. Vis;;0;0;0;0
mr. C.W.E. Vaillant;;0;0;0;0
F.W. baron van Suylen van Nijevelt;;0;0;0;0
jhr.mr. J.F. Schuurbeque Boeye;;0;0;0;0
mr. W.P. Vis;;0;0;0;0
mr. J.P. Dronkers;;0;0;0;0
jhr. J.L. de Jonge;AR|AR(DT/DZH)|AR(DT)|AR;1;1;0;0
J.W. Vader;;0;0;0;0
mr. P.H. Saaymans Vader;(DT)*|AR(DT/DZH);1;1;0;0
mr. M.T. Lantsheer;;0;0;0;0
C.C. van den Bosch;;0;0;0;0
F. Nagtglas;;0;0;0;0
mr. P.C. 't Hooft;AR(DT)|AR(DT)|AR;1;1;0;0
mr. W.J. Snouck Hurgronje;(AH)*;0;0;1;0
A. Smit;(AH)*|(AH)*|Lib|Lib(TT)|Lib(TT)|Lib|Lib|Lib|Lib(VL)|Lib(VL);0;0;1;0
J.P.I. Buteux;(AH)*;0;0;1;0
mr. C. Lucasse;AR|AR(Ka)|AR(Ka)|AR|AR|AR(VT)|AR(Ka)|AR(Ka)|AR(Ka)|AR(Ka/CHP);1;1;0;0
A. Gelick;;0;0;0;0
J.K. van Baalen;;0;0;0;0
mr. J.H. de Laat de Kanter;;0;0;0;0
mr. C.J. PickÃ©;;0;0;0;0
O. Verhagen;;0;0;0;0
mr. C.P. Lenshoek;(AH)*;0;0;1;0
jhr.mr. J.J. Pompe van Meerdervoort;AR(DT)|AR(DT)|AR(Ka)|AR|AR|AR|AR|AR(VA)|AR(Ka)|AR(Ka/CHP)|AR(Ka/CHP);1;1;0;0
mr. M.J. de Witt Hamer;;0;0;0;0
J.P. Bredius Jr.;;0;0;0;0
mr. W.A. van Hoek;(AH)*|(AH)*;0;0;1;0
mr. S.F.A. aan der Heyden;;0;0;0;0
W.J. van Gorkom;(AH)*;0;0;1;0
J.M. Kakebeeke;(AH)*;0;0;1;0
mr. L.A. Bijbau;(AH)*|(AH)*|(AH)*;0;0;1;0
jhr.mr. J.L.C. Pompe van Meerdervoort;(AH)*|(AH)*;0;0;1;0
W.H.B. Wilkens;;0;0;0;0
A. van Weel;;0;0;0;0
mr. A.J.F. Egter;;0;0;0;0
A.W. van Kerkwijk;;0;0;0;0
C. Goekoop;;0;0;0;0
J.J. van Kerkwijk;(AH)*|(AH)*|(AH)*|(AH)*|(AH)*|(AH)*|Lib|Lib|Lib(VT)|Lib;0;0;1;0
W.F. del Campo;;0;0;0;0
mr. J.E. van den Broek;;0;0;0;0
mr. D. van Weel;AK;0;0;0;0
A. de Vlieger;AR;1;0;0;0
H. Schonejongen Jz.;AR;1;0;0;0
H. Schonejongen Jacobsz.;;0;0;0;0
mr. J.D.W. Pape;;0;0;0;0
mr. P.J.J. HollingÃ©rus Pijpers;(AH)*;0;0;1;0
mr. C.A. Flooren;;0;0;0;0
mr. C.J. van Heusden;;0;0;0;0
mr. de Willebois;;0;0;0;0
C.W. Oomen;;0;0;0;0
N.R.H. GuljÃ©;(AH)*|(AH)*|(AH)*;0;0;1;0
mr. A. Kerstens;;0;0;0;0
mr. D. Mulder;;0;0;0;0
mr. J.H. van Mierlo;(AH)*|(AH)*|(AH)*;0;0;1;0
mr. P.J. Verduijn;;0;0;0;0
mr. C. van Baerle;;0;0;0;0
mr. A.J.L. de Roock;;0;0;0;0
J.A. van der Burgh;;0;0;0;0
F.H.H. Borret;(DT)*|DT(DZH)|(DT)*|(DT)*|(DT)*|(DT)*|(DT)*;0;1;0;0
jhr.mr. L.W.J.M. Verheyen;;0;0;0;0
mr. J. van Wijngaarden;;0;0;0;0
mr. P.E.A. Janssens;;0;0;0;0
jhr.mr. F.X. Verheyen;;0;0;0;0
mr. A.F.X. Luyben;AK/DT/DZH|(DT)*|(DT)*;0;1;0;0
R.J.A. Kallenberg van den Bosch;(AH)*|(AH)*;0;0;1;0
J.C.C. den Beer Poortugael;(AH)*;0;0;1;0
mr. W.M.H. Boers;Lib(VT);0;0;1;0
J.H.A. Diepen;;0;0;0;0
mr. R. van der Werk;(AH)*|(AH)*|(AH)*;0;0;1;0
A. Sassen;;0;0;0;0
mr. L. van Rijckevorsel;(DT)*|(DT)*;0;1;0;0
C.N. Tieleman;AR;1;0;0;0
H.M. Smits;;0;0;0;0
mr. J.A. Loeff;Ka|Ka|Ka|Ka|Ka(AR/CHU)|Ka(AR/CHU)|Ka(AR/CHU)|Ka;1;1;0;0
mr. C.D. Beels;;0;0;0;0
mr. A. van Baar;;0;0;0;0
A.A.A. Barning;;0;0;0;0
mr. C.C.A. Beens;(AH)*;0;0;1;0
E. Thijsmans;;0;0;0;0
mr. J.B. Verheyen;;0;0;0;0
mr. H.A. van Mens;;0;0;0;0
jhr.mr. J.B.A.J.M. Verheyen;AK/DT/DZH|(DT)*|(DT)*;0;1;0;0
B.H.M. Hanlo;;0;0;0;0
mr. A.J.H. van Baar;(DT)*|(DT)*|(DT)*|(DT)*|(DT)*|Ka;0;1;0;0
C.C. van Dooren;;0;0;0;0
J.F. Jansen;(AH)*|Ka|Ka;0;1;1;0
J.F. de Booij;;0;0;0;0
C.G. van der Heijden;;0;0;0;0
mr. A.M. Sassen;(AH)*;0;0;1;0
mr. P. van den Heuvel;(DT)*|DT(DZH);0;1;0;0
jhr.mr. C.F. Wesselman;;0;0;0;0
Bangeman Huygens van Lowendaal;;0;0;0;0
mr. M. van den Acker;;0;0;0;0
mr. A.A.J. Meylink;;0;0;0;0
T. Princen;;0;0;0;0
mr. H.H. Vermeulen;;0;0;0;0
W. van Rekum;;0;0;0;0
mr. P.J.A. Smitz;DT(DZH);0;1;0;0
mr. J.F. Coolen;;0;0;0;0
J.F. Smits van Oyen;;0;0;0;0
mr. D.H. van den Acker;(AH)*|Lib;0;0;1;0
mr. F.W. van den Dungen;;0;0;0;0
M. Prinzen;;0;0;0;0
jhr. L.L.G.M. de Villers de PitÃ©;;0;0;0;0
A. Roberti;;0;0;0;0
J. Kerkhofs;;0;0;0;0
mr. P.F.E. van Wintershoven;;0;0;0;0
mr. M.P.H. Strens;;0;0;0;0
O. graaf van Ansenbourg van Neubourg;;0;0;0;0
jhr.mr. van Geusau;;0;0;0;0
mr. L. Wenmaekers;;0;0;0;0
E. Sassen;;0;0;0;0
J. Kerkhoffs;;0;0;0;0
mr. L. van der Maesen;;0;0;0;0
jhr.mr. E. Kerens van Wolfrath;;0;0;0;0
C.A. baron van Bieberstein Rogalla Zawadsky;(DT)*;0;1;0;0
jhr.mr. P.T. van der Maesen de Sombreff;(AH)*|(AH)*|(AH)*;0;0;1;0
M. Merkelbach;;0;0;0;0
mr. H.J. Brouwers;(DT)*|(DT)*|(DT)*|(DT)*|(DT)*|Ka;0;1;0;0
mr. L.H. Wenmaekers;;0;0;0;0
E. Kermans;;0;0;0;0
M. Pieters;;0;0;0;0
jhr. G.E.F.X.M. Kerens de Wylre;(DT)*|(DT)*;0;1;0;0
mr. M.V. Nijst;;0;0;0;0
A.L.E. Roberti;;0;0;0;0
jhr.mr. G.L.M.H. Ruijs van Beerenbroek;(DT)*|(DT)*|(DT)*|(DT)*|Ka;0;1;0;0
F. baron van Pelser Berensberg;;0;0;0;0
mr. W.G. Straetmans;(DT)*;0;1;0;0
J. Magnee;;0;0;0;0
R. Quaedvlieg;;0;0;0;0
L.F.H.C. Ruland;(DT)*|(DT)*|Ka;0;1;0;0
J. Kleuters;;0;0;0;0
dr. J.H.J. Schreinemacher;Ka|Ka;0;1;0;0
mr. F.H.J. baron van Bieberstein Rogalla Zawadsky;(AH)*;0;0;1;0
J.H. Menten;(AH)*;0;0;1;0
mr. J.A. Reynen;;0;0;0;0
K.H.L. Bontamps;;0;0;0;0
mr. K.L.J. Cornelis;(AH)*;0;0;1;0
mr. F.H.K.E. baron van Keverberg de Kessel;;0;0;0;0
mr. E. de Ras;;0;0;0;0
mr. J.M.L.H. Clercx;(DT)*|(DT)*|(DT)*|(DT)*|Ka|Ka;0;1;0;0
J.H. Arnoldts;AK/DZH|(DZH)*|(DT)*|DT(DZH)|(DT)*;0;1;0;0
J.M. Corten;;0;0;0;0
W.H. Pijls;;0;0;0;0
mr. H.F. Lambrechts;(DT)*|(DT)*|(DT)*|(DT)*|(DT)*|(DT)*|Ka|Ka;0;1;0;0
jhr.mr. L.F.H. Michiels van Kessenich;Lib|Lib|Lib|Lib;0;0;1;0
jhr.mr. P. van Meeuwen;;0;0;0;0
C.M. van der Heyden;;0;0;0;0
mr. O. Beerenbroek;;0;0;0;0
jhr. J.B. van Sasse van Ysselt;;0;0;0;0
P. Bloemarts;;0;0;0;0
mr. L.G.A. van der Wijst;;0;0;0;0
H.C.F. Kerstens;;0;0;0;0
C. baron van Weichs de Wenne;;0;0;0;0
jhr.mr. J.M.B.J. van der Does de Willebois;(DT)*|DT(DZH);0;1;0;0
jhr.mr. H. van Sasse van Ysselt;;0;0;0;0
dr. A.J.W. Boerkamp;;0;0;0;0
mr. F.J.F.M. Walter;Ka|Ka|Ka|Ka|Ka(TT)|Ka(TT)|Ka|Ka(AR);1;1;0;0
mr. A. Verheyen van Estvelt;;0;0;0;0
mr. F.G.J. baron van Rijckevorsel van Kessel;;0;0;0;0
dr. J.H.H. de Poorter;;0;0;0;0
mr. J.B.H. van de Mortel;;0;0;0;0
L.H. Rouppe van der Voort;;0;0;0;0
mr. A.A. Heeren;;0;0;0;0
mr. W.C. van Heurn;;0;0;0;0
L.D. van Heyst;;0;0;0;0
G.W. Vreede;;0;0;0;0
S. van Hoogstraten;;0;0;0;0
mr. H. Sassen;;0;0;0;0
J.U. van der Marck;;0;0;0;0
mr. J.F. Kolen;;0;0;0;0
mr. B. Donker Curtius;;0;0;0;0
mr. F.J.E. van Zinnicq Bergman;AK/DT/DZH|(DT)*|(DT)*;0;1;0;0
mr. J.J. Suys;;0;0;0;0
mr. P.F. van Cooth;(AH)*|Lib;0;0;1;0
P.G.J. van der Schrieck;(DT)*|(DT)*|(DT)*|(DT)*|(DT)*|Ka|Ka;0;1;0;0
H.S.J. Rose;(AH)*|(AH)*;0;0;1;0
jhr.mr. P.M.F. van Meeuwen;;0;0;0;0
mr. A.H. Sassen;;0;0;0;0
mr. J.D. Veegens;Lib|Lib|Lib|Lib(VT)|Lib|Lib|Lib|Lib|Lib(CHK)|Lib(VL)|VD;0;0;1;0
A. Brummelkamp jr.;AR(Ka)|AR(Ka)|AR(Ka)|AR|AR(VT)|AR|AR|AR|AR|AR(Ka)|AR|AR(VT)|AR(VT)|AR(VT)|AR(VT)|AR(VT)|AR(Ka)|AR|AR|AR|AR|AR|AR(VA)|AR(Ka/CHP)|AR(Ka/CHP)|AR(Ka/CHP)|AR(Ka/CHU)|AR(Ka/CHU)|AR;1;1;0;0
J.A. Nieuwenhuis;Rad|Rad;0;0;0;1
A.M. Prins;Prot|Prot;0;0;0;0
dr. A.L. Poelman;Rad;0;0;0;1
F. van der Goes;V|SDAP|SDAP|SDAP|SDAP|SDAP|SDAP|SDAP|SDAP;0;0;0;1
J. Haspers;AR(VT);1;0;0;0
dr. J.H. Smit;Rad;0;0;0;1
E. Warmolts;Lib;0;0;1;0
G. Zijlma;Lib|Lib(VT)|Lib|Lib(CHK)|Lib(VL)|Lib(VL/VD/SDAP)|Lib|Lib(VL);0;0;1;1
M. Noordtzij;AR|AR|AR|AR(Ka)|AR(Ka)|AR(Ka/CHP/FCH);1;1;0;0
P. Dijkhuis;AR|AR;1;0;0;0
B.L. Tijdens;Rad|Lib(VT)|Rad|Rad|Rad|Lib;0;0;1;1
W.P.G. Helsdingen;V|V|Soc|V|V|SDAP|SDAP|SDAP|SDAP|SDAP|SDAP|SDAP|SDAP|SDAP|SDAP|SDAP|SDAP|SDAP|SDAP|SDAP|SDAP|SDAP|SDAP|SDAP|SDAP(Lib/VD)|SDAP|SDAP(VL/Lib/VD)|SDAP;0;0;1;1
J. Cremer;;0;0;0;0
mr. M.W.F. Treub;Rad(VT)|Lib|Lib|Rad|Rad(Ka)|Rad(VT)  Rad(VT)|Am|Rad(VT)  Rad(VT)|VD|VD|VD|VD|VD|VD(Lib/SDAP/Ka);0;1;1;1
mr. E.A. Smidt;Lib(VT)|Lib|VD|VD|VD|VD|VD(AR)|VD|VD(VL/Lib)|VD|VD(VL/Lib/SDAP);1;0;1;1
P. van Vliet;AR|AR|AR|AR(VT)|AR(VT)|AR|AR|AR|AR|AR|AR|AR|AR(Ka)|AR(Ka)|AR(Ka)|AR(Ka/VA)|AR(Ka/CHP)|AR(Ka/CHU)|AR(Ka/CHU)|AR;1;1;0;0
mr. J.J. Willinge;Lib(VT)|Lib|Lib(VL);0;0;1;0
J. Doornbos;Lib(TT);0;0;1;0
jhr.mr. H.M.J. van Asch van Wijck;AR|AR(Ka)|AR(Ka)|AR(Ka);1;1;0;0
dr. P.H. Roessingh;Lib|Lib(VT)|Lib|Lib(VL)|Lib|Lib(VL);0;0;1;0
J.P. Havelaar;AR;1;0;0;0
J.E. Scholten;;0;0;0;0
W. Tijmes;Lib;0;0;1;0
W.C. van Munster;AR(Ka)|AR|AR(Ka);1;1;0;0
D. de Clercq;V|V;0;0;0;0
J. Troelstra;;0;0;0;0
C.V. Gerritsen;Rad(VT)|V|Rad|Am(AKS)|Rad|Rad|Rad|Rad(Lib)|Rad|Rad|VD|VD;0;0;1;1
G.L. van der Zwaag;Rad(VT)|V|Rad(VT)|SDAP|SDAP|SDAP|SDAP|SDAP(VD)|SDAP|SDAP(VD)|SDAP|SDAP(Lib/VD);0;0;1;1
O. Stellingwerf;V|Rad;0;0;0;1
A. Bouman;Lib(VT)|Lib(VT)|Lib|Lib(CHK)|Lib(VL);0;0;1;0
L.W. de Vries;AR(Ka)|AR|AR|AR(Ka)|AR(Ka)|VA|CHK(VA);1;1;0;0
H. Pyttersen;Lib|Lib(VT)|Lib|Lib(CHK)|Lib|Lib|Lib(VL)|Lib(VL/Ka/VA);1;1;1;0
A.H. Gerhard;V|AKS|Soc|AKS|AKS|SDAP|SDAP|SDAP|SDAP|SDAP|SDAP|SDAP|SDAP|SDAP|SDAP|SDAP|SDAP|SDAP|SDAP|SDAP|SDAP;0;0;0;1
H. Pollema;AR(VT)|AR(VT)|AR|AR(Ka)|AR(Ka/CHU);1;1;0;0
mr. J.A. van Gilse;Lib(VT)|Lib(VT)|Lib(VT)|Lib|Lib(VT)|Lib(VT)|Lib|Lib(CHK)|VD|VD;0;0;1;0
J.C. van den Berg;Lib;0;0;1;0
J. Stoffel;V|Rad(VT)|Rad|Rad|AG;0;0;0;1
mr. E. Schaafsma;Lib(VT)|Lib(VT)|Lib|Lib(CHK)|Lib(VL)|Lib;0;0;1;0
O.T. Bosgra;AR(Ka);1;1;0;0
J.A. Fortuyn;Soc|SDAP|SDAP|SDAP;0;0;0;1
W.M. Houwing;Lib|Lib|Lib(VT)|Lib|Lib(CHK);0;0;1;0
J. Meesters 2;Lib|Lib(VT)|Lib(VT)|Lib|Lib(CHK);0;0;1;0
A. Wiersinga;AR(VT)|AR|AR|AR|AR;1;0;0;0
B. Berends;AR|CHU(Ka/AR)|CHU;1;1;0;0
mr. T. Ruijs;Lib|Lib;0;0;1;0
jhr. E. van Weede van Dijkveld;Lib|Lib;0;0;1;0
jhr. G.J. van der Wijck;Lib|Lib;0;0;1;0
mr. J.H.A.M. Essink;Ka|Ka|Ka(AR)|Ka;1;1;0;0
W.J. Geertsema;Lib|Lib|Lib|Lib|Lib|Lib;0;0;1;0
W.H. Dikkers;Lib;0;0;1;0
mr. A.D. van Assendelft de Coningh;Lib|Lib(VT)|Lib + protectionist|Lib + protectionist;0;0;1;0
mr. R.E. Hattink;Lib(VT)  Lib(VT);0;0;1;0
mr. F.G. van Marle;AR;1;0;0;0
jhr.mr. J.G. ridder van Rappard;Lib|Lib|Lib(VL);0;0;1;0
jhr. C.M. Brantsen;AR(Ka)|AR;1;1;0;0
dr. C. Lely;Lib(VT)  Lib(VT)|Lib|Lib(CHK)|Lib|Lib|Lib(VL)|Lib(VL/VD/SDAP)|Lib(VL)|Lib(VL/VD/SDAP)|Lib|Lib(VL/VD/SDAP)|Lib(VL)|Lib;0;0;1;1
mr. D. Engelberts;AR(Ka)|AR(Ka);1;1;0;0
jhr. T.K.J. van Nispen;Ka;0;1;0;0
mr. J.G.S. Bevers;Ka|Ka(AR)|Ka|Ka(AR)|Ka(TT)|Ka(TT)|Ka(TT)|Ka;1;1;0;0
mr. A.W. Brandt;NK;0;0;0;0
mr. H.F. Hesselink van Suchtelen;Lib|Lib|Lib(VT)|Lib|Lib(CHK)|Lib(VL)|Lib|Lib;0;0;1;0
jhr. E. Brantsen;Lib;0;0;1;0
B. Cuperus;Lib|Lib|Lib(VL);0;0;1;0
jhr. A.A.E.J.R. Brantsen;Lib;0;0;1;0
A. Moll;Lib;0;0;1;0
jhr. H. Tindal;Am;0;0;0;0
mr. D.R.B. baron van Lynden;AR(Ka);1;1;0;0
mr. G.W. baron van Dedem;AR|AR|AR(Ka)|AR|AR(TT);1;1;0;0
M. de Ras;Ka|Ka|Ka|Ka|Ka;0;1;0;0
A.D. Sipman;Lib;0;0;1;0
mr. W.H.J.T. van Basten van Batenburg;Ka(TT)  Ka(TT)|Ka(TT)|Ka(TT)|Ka;0;1;0;0
E.D. de Meester;Lib(VT)  Lib(VT)|Lib(VT)|Lib(VT);0;0;1;0
mr. H.A. van de Velde;AR(VT)|AR(Ka)|AR|AR(VT)|AR(VT)|AR(VT)|AR|AR|AR(VT)|AR(VT)|AR|AR(Ka)|AR(Ka/VA)|AR(Ka/CHP)|AR(Ka/CHU)|AR(Ka/CHU)|AR;1;1;0;0
van Lynden;;0;0;0;0
J. de Koning;Lib|Lib|Lib;0;0;1;0
F.T.J.H. Dobbelman;Ka|Ka(TT)|Ka;0;1;0;0
A.C.J. Dericks;;0;0;0;0
jhr. C.P.J. von Weiler;;0;0;0;0
C.T. Kolfschoten;Ka(VT);0;1;0;0
mr. M. Kolff;C;0;0;0;0
jhr.mr. W.H. de Beaufort;;0;0;0;0
H. Waller;AR|AR(VT)|AR(VT)|AR(Ka)|AR(Ka)|AR;1;1;0;0
S.M. van Wijck;Ka(VT)  Ka(VT)|Ka|Ka(AR)|Ka|Ka(AR)|Ka(AR);1;1;0;0
mr. C.J.E. graaf van Bylandt;Lib(NK)|Lib|Lib(TT)|Lib(TT)|VL|VL(CHK)|VL(Lib)|VL(Lib/VD);0;0;1;0
C.M.E. van LÃ¶ben Sels;AR(Ka)|AR|AR(VT)  AR(VT)|AR|AR(VT)|AR(VT);1;1;0;0
jhr. A.W. van Borssele;Lib|Lib(TT)  Lib(TT)|VL;0;0;1;0
C.J. van Eeghen;Lib(VT);0;0;1;0
mr. H.J.H. baron van Boetzelaer van Oosterhout;Lib|Lib|Lib;0;0;1;0
mr. W.H.J. Rooijaards;Lib|Lib;0;0;1;0
mr. F.D. graaf van Schimmelpenninck;Lib(TT)|VA(Ka/CHK)|VA;1;1;1;0
J.H. de Waal Malefijt;AR(VT)|AR(VT)|AR(Ka)|AR|AR(Ka)|AR|AR|AR(VA)|AR(VA)|AR(Ka/CHP)|AR;1;1;0;0
J.D. van de Velde;Lib;0;0;1;0
mr. O.J.H. graaf van Limburg Stirum;NK|NC(TT)|NK|NC(TT)|NC(TT)|CHK(VA)|CHK(Ka/VA)|VA|VA|CHP(Ka/AR);1;1;0;0
jhr.mr. G.W. Mollerus;Lib(VT)  Lib(VT);0;0;1;0
M.J. Chevallier;AR(VT);1;0;0;0
A.L.W. Seijffardt;Lib(NK)|Lib;0;0;1;0
H.A. van Beuningen;Lib|Lib(VT)|Lib(VT)|Lib;0;0;1;0
mr. P.J. Troelstra;SDAP|SDAP|SDAP|SDAP(Lib)|SDAP|SDAP|SDAP|SDAP|SDAP|SDAP|SDAP|SDAP|SDAP|SDAP|SDAP|SDAP|SDAP|SDAP|SDAP|SDAP|SDAP|SDAP|SDAP|SDAP|SDAP|SDAP|SDAP|SDAP|SDAP|SDAP|SDAP|SDAP|SDAP|SDAP|SDAP|SDAP;0;0;1;1
M. van Waart;AR(VT);1;0;0;0
jhr.mr. J.E. Huydecoper van Maarseveen en Nichtevecht;;0;0;0;0
dr. W. Koster;Lib;0;0;1;0
A.N.J. Fabius;Lib(VT)|VD;0;0;1;0
jhr.mr. J.H.J. Quarles van Ufford;AR(Ka)|VA;1;1;0;0
P.B.J. Ferf;Lib|Lib(VT)|Lib|Lib(VL)|Lib|Lib(VL)|Lib(VL/VD/SDAP);0;0;1;1
J. Zijp;Lib|Lib(TT)|Lib;0;0;1;0
N. Sluis;AR(Ka/CHP)|AR(Ka/CHP);1;1;0;0
W.F. Stoel;Rad;0;0;0;1
A. Goede;Ka(AR)|Ka(AR);1;1;0;0
A.P. de Lange;;0;0;0;0
mr. J.P. Kraakman;;0;0;0;0
mr. E. Fokker;Lib|Lib(CHK)|Lib|Lib(CHK)|VD|VD(VL/SDAP);0;0;1;1
S.T. Land;Lib|Lib|Lib|Lib(VT);0;0;1;0
D.C. Loman;Lib;0;0;1;0
dr. J. Timmer;Lib(TT)|SDAP;0;0;1;1
A.P. Staalman;AR|AR|AR(Ka)|AR|CD|CD|CD|CD|CD|CD|CD(Ka/AR)|CD(Ka)|CD(Ka/AR)|CD|CD;1;1;0;0
J.J. Kraakman;;0;0;0;0
H. van Calcar;;0;0;0;0
J.C. Jansen;Lib|Lib|Lib(VL/VD)|Lib(VL)|Lib|Lib;0;0;1;0
J.J. Stooker;;0;0;0;0
J.G. van den Bosch;;0;0;0;0
J. Korver;AR(VA);1;0;0;0
J.B. Verhey;Lib|Lib(CHK)|Lib|Lib(VL)|Lib(VL/VD/SDAP);0;0;1;1
E.J.J. Kuinders;Ka(AR)|Ka(TT);1;1;0;0
mr. L.M. Povel;Ka(AR);1;1;0;0
mr. J.F. Farensbach;Ka(AR);1;1;0;0
dr. J.A.J. van Nederhasselt;Ka(AR);1;1;0;0
P.J. Raaymakers;Ka(AR);1;1;0;0
J.C. van Schermbeek;Lib;0;0;1;0
mr. W. Heineken;Am|Rad(VT)|AG|AG;0;0;0;1
H.P.C.W.H.J.B. van Son;AR(Ka)|CHK|CHK|CHK|CHK;1;1;0;0
mr. L. Stevens;Ka(AR)|Ka;1;1;0;0
H. Muller;Am;0;0;0;0
P. Nolting;Am|Rad(VT)|Rad|Rad(Lib)|Rad|Rad|VD|VD(VL/Lib/SDAP)|VD|VD(Lib)|VD(VL/Lib/SDAP)|VD|VD;0;0;1;1
W.K.M. Vrolik;Lib|Lib(VT)  Lib(VT);0;0;1;0
P. StrÃ¤ter;Ka;0;1;0;0
mr. E.P.F.A. van den Bogaert;Ka(TT)|Ka(AR)|Ka;1;1;0;0
mr. H.L. Lindaal Jacobs;Ka(TT);0;1;0;0
H. van Blaaderen;AR;1;0;0;0
dr. A.E. van Roijen;AR(VA);1;0;0;0
jhr.mr. J.W.G. Boreel van Hogelanden;Lib|Lib|Lib|Lib|CHK;0;0;1;0
K. de Boer;Rad|Lib(VT)|Rad|Lib(VL)|Lib(VL/Ka/VA)|Lib(VL)|Lib(VL/Ka);1;1;1;1
J.J.H. Kervel;Ka;0;1;0;0
mr. P.N. Engelberts;C|C(Ka);0;1;0;0
dr. J. van Loenen Martinet;Lib(VT)|Lib(VT)|VD(Lib)|VD(Lib);0;0;1;0
mr. T.L.M.H. Borret;Ka(TT)|Ka(TT)|Ka|Ka|Ka|Ka(AR);1;1;0;0
F.W.C.H. baron van Tuyll van Serooskerken;Lib(VT);0;0;1;0
W. Bax;Rad|SDAP|SDAP|SDAP;0;0;0;1
mr. J.C. von Briel Sasse;AR|AR|AR(Ka);1;1;0;0
jhr. J.B. van Merlen;Lib|Lib;0;0;1;0
G.B. 't Hooft;AR(VT)|AR(VT)|AR|AR|AR|AR(VA);1;0;0;0
mr. O.J.E. baron van Wassenaer van Catwijck;AR(Ka)|AR(Ka)|AR(TT)|AR(Ka)|AR|AR|VA|VA|VA|VA|VA(AR)|CHP(Ka/AR)|CHU(Ka/AR)|CHU(Ka/AR);1;1;0;0
mr. W.H. Jansen Catwijck;;0;0;0;0
mr. J. Maschek;Ka|Ka|Ka|Ka|Ka(AR);1;1;0;0
jhr.mr. H.A.C. de la Bassecour Caan;Lib;0;0;1;0
A. op de Laak;Ka|Ka;0;1;0;0
C.A. Zelvelder;Lib|Lib|VD|VD|VD;0;0;1;0
M. Boogaerdt;Lib|Lib;0;0;1;0
P. van der Breggen;;0;0;0;0
T.G.G. Valette;Lib(VT)|Lib(VT)|VD;0;0;1;0
A.J.T. Hofman;Ka;0;1;0;0
J.J. Duynstee;Ka|Ka(TT);0;1;0;0
A. Knijff;Lib(VT)|Lib(VT)|Lib|Lib(CHK)|Lib(VL)|Lib(VL/VD/SDAP);0;0;1;1
A.N. de Lint;Lib(VT);0;0;1;0
mr. N.G. Pierson;Lib|Lib(CHK)|Lib|Lib(CHK)|Lib|Lib(CHK)|Lib|Lib(VL);0;0;1;0
W. Bossard;;0;0;0;0
J.M. Pijnacker Hordijk;Lib(VT)|Lib(VT)|Lib|Lib(VT)|Lib(VT)|Lib(VT)|Lib|Lib(CHK)|Lib|Lib(VD);0;0;1;0
L.W. Jansen;Ka|Ka(AR)|Ka;1;1;0;0
jhr.mr. W. Six;Lib;0;0;1;0
S.A. Maas;Lib(VT)|Lib(VT);0;0;1;0
mr. J.C.M.F.H. Maschek;Ka(AR);1;1;0;0
J.J. Jacobson;Lib;0;0;1;0
J.W. Gunning;;0;0;0;0
G.H. Hintzen;Lib|Lib|Lib(TT)|Lib|Lib(CHK);0;0;1;0
jhr. J.C. van de Poll;AR;1;0;0;0
A. Plate;Lib(TT)|VL|VL(Lib/VD)|VL|VL(Lib/VD)|VL;0;0;1;0
P.R. Mees;Lib(VT)|Lib(VT)|VD|VD;0;0;1;0
mr. E.E. van Raalte;Lib(VT)|Lib|Lib(CHK)|Lib|Lib(VL/VD/SDAP)|Lib|Lib(VL/VD/SDAP)|Lib(VL)|Lib(VL/VD/SDAP)|Lib|Lib(VL/VD/SDAP)|Lib;0;0;1;1
W.J.G. van der Veur;Lib(VT);0;0;1;0
L.J.S. van Kempen;AR(Ka)|AR(Ka)|AR(Ka);1;1;0;0
mr. L.P.M.H. baron van Michiels van Verduynen;Ka(AR)|Ka(AR)|Ka|Ka|Ka|Ka(AR);1;1;0;0
P.C. Evers;Lib;0;0;1;0
W.L.A. Gericke;;0;0;0;0
H.D. Guyot;Lib|Lib(TT)|VL;0;0;1;0
J.F.W. Conrad;Lib|Lib(TT)|Lib(TT)|VL|VL(CHK)|VL(Lib);0;0;1;0
C.A. Steger;Ka(AR);1;1;0;0
jhr.mr. W.F. Rochussen;C;0;0;0;0
A. van Assen 2;AKS;0;0;0;0
dr. J. Menno Huizinga;Lib(VT);0;0;1;0
mr. G. van der Jagt;Lib(TT);0;0;1;0
mr. A.J.W. van Roijen;Lib(TT);0;0;1;0
mr. R. van der Borch van Verwolde;AR(Ka)|AR(Ka);1;1;0;0
mr. H.O. van der Linden van Snelrewaard;NK;0;0;0;0
S.M.H. van Gijn;Lib|Lib(TT)|Lib(TT)|Lib|Lib(CHK)|Lib(VL)|Lib(VL/VD)|Lib;0;0;1;0
J.G. van Schaardenburg;;0;0;0;0
mr. F.N. Sickenga;Lib(VT);0;0;1;0
W.F. Tak;Lib;0;0;1;0
K. van Wijngaarden;Lib;0;0;1;0
J. Lels;Lib;0;0;1;0
J.A. van Haaften;Lib(TT)|Lib(TT);0;0;1;0
dr. J. van der Beke Callenfels;AR;1;0;0;0
J.H. Snijders;;0;0;0;0
mr. P.C.J. Hennequin;Lib|Lib|Lib|Lib(TT)|Lib(CHK)|VL(Lib)|VL;0;0;1;0
N. Glinderman;AR|AR(Ka)|AR|AR(VT)|AR(Ka)|AR(Ka/CHU)|AR(Ka/CHU);1;1;0;0
F.P. Oudens;;0;0;0;0
J.H.C. Heijse;Lib|Lib;0;0;1;0
D. Stigter;Lib(VT)|Lib(VT);0;0;1;0
C.J. Huvers;;0;0;0;0
J. Vogelvanger;Lib;0;0;1;0
mr. J.G. van Deinse;Lib|Lib(VT)|Lib(VT)|Lib|Lib(CHK)|Lib(VL)|Lib(VL/VD)|Lib(VL);0;0;1;0
L.D.J.L. de Ram;Ka|Ka|Ka|Ka(TT)|Ka|Ka|Ka(AR)|Ka|Ka(CHU)|Ka;1;1;0;0
dr. G.W. Bruinsma;Rad(VT)|Rad(VT)|Lib;0;0;1;1
F. Rikkers;;0;0;0;0
mr. E. Gompertz;;0;0;0;0
J.S.P.W. Eerens;Lib|Lib;0;0;1;0
jhr. I.B.D. van den Berch van Heemstede;Ka|Ka(TT)|Ka|Ka|Ka|Ka(AR/CHU)|Ka(AR/CHU);1;1;0;0
mr. W.J.G. baron van Oldeneel tot Oldenzeel;;0;0;0;0
mr. W.A.E. van der Borch;;0;0;0;0
E.A.M. van der Kun;Ka(TT)|Ka|Ka;0;1;0;0
J. Geluk;;0;0;0;0
mr. H.C.F. Rits;Lib;0;0;1;0
W.P.A. Mutsaers;Ka|Ka|Ka|Ka;0;1;0;0
J. den Boer;;0;0;0;0
A.L.A. Diepen;Lib;0;0;1;0
J.T.M. Smits van Oyen;Ka;0;1;0;0
L. Houben;;0;0;0;0
P.A. van de Mortel;Lib;0;0;1;0
V. van den Heuvel;;0;0;0;0
E.F.H.J. de Beaumont;;0;0;0;0
W.L. de Petit;Lib;0;0;1;0
W.H. Vliegen;SDAP|SDAP|SDAP|SDAP|SDAP|SDAP|SDAP|SDAP(Lib/VD)|SDAP|SDAP|SDAP|SDAP|SDAP|SDAP|SDAP(VL/Lib/VD)|SDAP|SDAP;0;0;1;1
C. Schreinemacher;;0;0;0;0
mr. G.A.A. Tripels;Lib;0;0;1;0
G.L.D. Franquinet;;0;0;0;0
G. Smeets;Lib;0;0;1;0
J.B.C.E.M. graaf van Marchant d'Ansembourg;Ka;0;1;0;0
mr. Lemmens;;0;0;0;0
J. Thissen;;0;0;0;0
mr. Janssen;;0;0;0;0
G. Berkers;Lib|Rad;0;0;1;1
C. Kamps;Lib;0;0;1;0
Ch. baron van Bieberstein;;0;0;0;0
J.E.H.W. baron van Olne;;0;0;0;0
mr. L. Geradts;Lib;0;0;1;0
J.M. Janssen;;0;0;0;0
G. Diepen;Ka;0;1;0;0
dr. W. Everts;Ka;0;1;0;0
J.C. Gunst;;0;0;0;0
C. Houben;Lib;0;0;1;0
dr. W.H. Nolens;Ka|Ka|Ka|Ka|Ka(AR/CHU)|Ka;1;1;0;0
E. Haffmans;;0;0;0;0
C.M. van der Heijden;;0;0;0;0
P.J. Truijen;Ka;0;1;0;0
F. Coenen;;0;0;0;0
jhr.mr. L. van Meeuwen;;0;0;0;0
J.W. Bergansius;Ka|Ka(AR)|Ka;1;1;0;0
jhr. V.F.A.H. de Kuyper;Lib;0;0;1;0
jhr. J. de la Court;;0;0;0;0
W.P. Zeilmaker;Rad|VD|VD;0;0;0;1
J.G. van Kuykhof;SDAP|SDAP|SDAP|SDAP|SDAP|SDAP|SDAP|SDAP|SDAP|SDAP;0;0;0;1
J. Bosch;AR;1;0;0;0
A.L. van Hasselt;CHK|CHK|CHK|CHK;0;0;0;0
C.H. Kouw;Lib;0;0;1;0
H.F. Groen van Waarder;VL|VL(CHK)|VL(Lib)|VL(Lib/VD);0;0;1;0
F.G. Mellink Pzn.;AR|AR(Ka);1;1;0;0
G.A. Aalderink;Rad;0;0;0;1
T.J. Weesing;Ka;0;1;0;0
A.D. de Marez Oyens;CHK;0;0;0;0
mr. H. Verkouteren;CHK|CHK|CHK|CHK|CHK|CHK|CHK|CHK|CHK(AR)|CHU(Ka/AR)|CHU(Ka/AR)|CHU(Ka/AR)|CHU(Ka)|CHU(Ka);1;1;0;0
H. Polak;SDAP|SDAP(VD)|SDAP;0;0;0;1
C.H. den Hertog;Lib(VL)|Lib(VL/Ka/VA);1;1;1;0
mr. Z. van den Bergh;Rad|VD|VD|VD;0;0;0;1
J. Loopuit;SDAP|SDAP|SDAP|SDAP|SDAP|SDAP|SDAP;0;0;0;1
F.H. van Eeghen;AR;1;0;0;0
T.M. Ketelaar;Rad|Rad(AR/Ka)|VD|VD(SDAP)|VD(Lib)|VD|VD(VL/Lib/SDAP)|VD|VD(VL/Lib)|VD;1;1;1;1
W.C.J. Passtoors;Ka|Ka|Ka(AR)|Ka|Ka(AR/VA)|Ka(AR/CHP)|Ka(AR/CHU)|Ka(AR/CHU)|Ka(AR/CHU);1;1;0;0
dr. P.J.H. Cuypers;Ka|Ka(AR);1;1;0;0
J.D. Root jr.;AR;1;0;0;0
G.H. Wagenaar;AR;1;0;0;0
A. Harmsen jr.;CHK;0;0;0;0
dr. J.T. de Visser;CHK|CHK|CHK|CHK|CHK|CHK(Ka/AR)|CHK|CHK|CHK(AR)|CHK(VA)|CHK(AR)|CHK(Ka/AR/VA)|CHP(Ka/AR)|CHP(Ka/AR)|CHP(Ka/AR)|CHP(Ka/AR)|CHP(Ka/AR)|CHP(Ka/AR)|CHU(Ka/AR)|CHU(Ka/AR)|CHU(Ka/AR)|CHU(Ka/AR)|CHU;1;1;0;0
W.J. den Boer;;0;0;0;0
J. Bouwes;AR|AR;1;0;0;0
J. Schoonbeek;SDAP;0;0;0;1
J. Doornbosch;Lib + protectionist|Lib + protectionist;0;0;1;0
A.D.P.V. van LÃ¶ben Sels;AR;1;0;0;0
H.H. van Kol;SDAP|SDAP|SDAP|SDAP(Lib)|SDAP|SDAP|SDAP|SDAP|SDAP|SDAP(VD)|SDAP|SDAP|SDAP|SDAP(Lib/VD)|SDAP|SDAP|SDAP;0;0;1;1
H.J. Timmerman;Lib;0;0;1;0
P. Vermeulen;AR;1;0;0;0
N.D. Kemink;VA;1;0;0;0
jhr. J. Ortt;CHK;0;0;0;0
J.H.H. Dommers;;0;0;0;0
J.W. Koer;AR;1;0;0;0
T. van der Zee;Lib;0;0;1;0
jhr.mr. R.E.W. van Weede;;0;0;0;0
G.J. Bieleman;;0;0;0;0
mr. H.P. Marchant;VD(Ka)|VD|VD|VD|VD;0;1;0;0
H.A. Pauwen;Ka|AR(Ka);1;1;0;0
dr. M.A. Brants;AR(VA)|AR|AR(Ka/CHP);1;1;0;0
mr. J.M. Rens;AR(Ka/VA)|AR|AR(Ka)|AR(Ka/VA);1;1;0;0
jhr. J.D. Six;CHK|CHK|CHK|VA|VL;1;0;1;0
jhr.mr. L.H.J.M. van Asch van Wijck;AR(VA)|AR;1;0;0;0
A.W.J.J. baron van Nagell;Lib;0;0;1;0
A.D. Duys;AR|AR;1;0;0;0
F.F. baron van Lynden van Hemmen;CHK;0;0;0;0
V.A.M. van den Heuvel;Ka|Ka(AR)|Ka;1;1;0;0
M.H.A. van der Valk;AR(Ka);1;1;0;0
J.H. ter Veer;Ka|Ka;0;1;0;0
mr. G. Jannink;Lib|Lib(VL)|Lib(VL/VD)|Lib(VL)|Lib(VL/VD/SDAP)|Lib|Lib(VL/VD/SDAP)|Lib;0;0;1;1
H. Raat 2;;0;0;0;0
N. Sluis Pzn.;;0;0;0;0
H. de Boer;Lib + protectionist;0;0;1;0
A. Kool 2;;0;0;0;0
H. Kamstra;AR|AR(Ka);1;1;0;0
Z. Middelkoop;Rad|Rad;0;0;0;1
L.F. Duymaer van Twist;AR|AR(Ka)|AR(Ka)|AR(Ka/CHP)|AR(Ka/CHU)|AR(Ka/CHU)|AR(Ka/CHU)|AR;1;1;0;0
D. de Klerk;Rad|Lib|Lib(CHK)|Lib(VL)|Lib(VL)|Lib(VL)|Lib(VL)|Lib(VL/VD)|Lib(VL)|Lib|Lib(VL/VD)|Lib(VL)|Lib(VL/VD/SDAP)|Lib|Lib;0;0;1;1
P. van der Hoog;Lib;0;0;1;0
G. van Herwaarden;CHK|CHK|CHK(VA)|CHK(VA)|CHK;1;0;0;0
J. Krap;AR(Ka/VA)|AR(Ka)|AR(Ka/VA)|AR(Ka/CHP)|AR(Ka/CHP)|AR(Ka/CHU)|AR(Ka/CHU);1;1;0;0
F. Mol;Rad|Rad|Rad|VD|VD|VD;0;0;0;1
J.P. Crombet;;0;0;0;0
H.A. le Bron de Vexela;Ka|Ka(AR);1;1;0;0
A.W.F. Idenburg;AR(VA)|AR|AR(Ka)|AR(Ka)|AR(Ka)|AR(Ka/VA)|AR;1;1;0;0
jhr.mr. A.M.W.L.P.C. van Daehne van Varick;;0;0;0;0
W.J.D. van Meeteren Brouwer;Lib;0;0;1;0
J.D. baron van Wassenaer van Rosande;VA(AR)|VA(Ka/AR);1;1;0;0
H.J.G. van Hoogstraten;Ka;0;1;0;0
mr. J. Domela Nieuwenhuis;CHK;0;0;0;0
J.M.M.H. Merkelbach;Ka|Ka;0;1;0;0
mr. L.H.W. Regout;Ka;0;1;0;0
mr. A.P.E.A. Wijnans;Ka;0;1;0;0
T. Vallentgoed;Rad;0;0;0;1
jhr.mr. F.W. van Styrum;VL(Lib)|VL(Lib/VD)|VL|VL(Lib/VD)|VL;0;0;1;0
L. Modoo;;0;0;0;0
W.A.J. van de Kamp;Ka|Ka(AR/VA);1;1;0;0
dr. P.J. Muller;NBPK|NBPK|NBPK|NBPK;0;0;0;0
mr. G.C. Everwijn Lange;Lib;0;0;1;0
mr. F.R. Crommelin;CHK;0;0;0;0
J. Baron;Lib;0;0;1;0
N. Oosterbaan;AR|AR(Ka)|AR(Ka/VA)|AR|AR(Ka/CHP)|AR(Ka/CHP)|AR(Ka/CHU)|AR(Ka/CHU)|AR;1;1;0;0
jhr. J.W.J.C.M. van Nispen tot Sevenaer;Ka|Ka|Ka|Ka|Ka|Ka|Ka(AR/CHU);1;1;0;0
jhr. M. van den Brandeler;CHK;0;0;0;0
A.E. van Kempen;AR(Ka)|AR(Ka);1;1;0;0
G.J. ten Cate;AR(Ka);1;1;0;0
mr. J.L.G.L.P. Haex;;0;0;0;0
A. ten Klooster;CHK;0;0;0;0
H.J. van de Vegt;;0;0;0;0
J. Bosch Bruist;Lib|Lib + protectionist;0;0;1;0
E.L. baron van Hardenbroek;;0;0;0;0
G.T.W. Kotte;SDAP;0;0;0;1
mr. E.E. van Riemsdijk;Lib;0;0;1;0
J. Lansen Croin;Lib;0;0;1;0
C.W. Vrijland;Lib;0;0;1;0
mr. F.J. Bolsius;Ka|Ka|Ka;0;1;0;0
T. Tromp;AR(VA);1;0;0;0
L. Goudswaard;SDAP;0;0;0;1
P. van der Pols;AR|AR;1;0;0;0
T. de Rot;Rad;0;0;0;1
jhr.mr. J.L. Stern;Lib;0;0;1;0
dr. W.B. van Staveren;AR(Ka/VA)|AR(Ka)|AR(Ka/CHU)|AR(Ka/CHU)|AR(Ka/CHU)|AR(Ka/CHU);1;1;0;0
mr. C.C.M.H. baron van Bieberstein Rogalla Zawadsky;Ka|Ka;0;1;0;0
A. Kamps;Ka;0;1;0;0
C.B. Wisboom;Lib;0;0;1;0
W. Kroese;CHK;0;0;0;0
mr. J.G. van der Hoop;CHK(VA);1;0;0;0
J.D. de Vries;AR|AR(Ka);1;1;0;0
A.H.A. Arts;Ka|Ka(AR)|Ka|Ka(AR/CHU)|Ka;1;1;0;0
F.P.J.M. van Dooren;Ka;0;1;0;0
mr. N. de Ridder;AR(Ka)|AR(Ka)|AR|AR(Ka/CHP)|AR(Ka/CHP)|AR(Ka/CHP)|AR(Ka/CHU);1;1;0;0
J.H.A. Schaper;SDAP|SDAP(VD)|SDAP|SDAP|SDAP|SDAP(Lib/VD)|SDAP|SDAP|SDAP(Lib/VD)|SDAP|SDAP|SDAP|SDAP(VL/Lib/VD)|SDAP;0;0;1;1
dr. D. Bos;Lib|Lib|VD(Lib)|VD(VL/Lib/Ka/VA)|VD(Lib)|VD(VL/Lib/Ka/VA)|VD|VD|VD(VL/Lib/SDAP)|VD|VD(VL/Lib)|VD|VD(VL/Lib);1;1;1;1
J. Windhouwer;AR|AR(Ka/CHP);1;1;0;0
G.C. Kamphuis;Ka;0;1;0;0
R. Boonstra;Lib;0;0;1;0
H.W.C. de Jonge;AR(Ka/VA);1;1;0;0
J. Hoven;Rad|Rad(Lib)|VD;0;0;1;1
mr. C. baron van Vos van Steenwijk;VL;0;0;1;0
J. Brinkhuis;KD|KD|Ka;0;1;0;0
A.F.C.M. Raupp;Ka;0;1;0;0
K. Raymakers;Ka;0;1;0;0
J.S.F. van Hoogstraten;AR(Ka)|AR(Ka/VA)|AR(Ka/CHU)|AR(Ka/CHU)|AR(Ka/CHU)|AR(Ka/CHU);1;1;0;0
B. Reyndorp;SDAP|SDAP;0;0;0;1
mr. W. baron van Voorst tot Voorst;Ka|Ka;0;1;0;0
jhr.mr. H.W. van Asch van Wijck;AR(Ka)|AR(Ka/VA)|AR|AR(Ka/CHP)|AR(Ka/CHU)|AR(Ka/CHU)|AR(Ka/CHU);1;1;0;0
jhr.mr. O. van Nispen tot Sevenaer;;0;0;0;0
mr. H.P. de Wilde;VD(Lib)|VD;0;0;1;0
R.P.J. Tutein Nolthenius;VL(Ka)|VL(Ka/AR)|NH(Ka/AR/CHP)|NH(Ka/AR);1;1;1;0
P.L. Tak;SDAP|SDAP|SDAP|SDAP|SDAP|SDAP(Lib/VD);0;0;1;1
mr. J.W.H.M. van Idsinga;VA(Ka)|VA(Ka/AR)|CHP(Ka/AR)|CHU(Ka/AR)|CHU(Ka/AR)|CHU;1;1;0;0
H.C. Vegtel;AR(Ka)|AR(Ka/VA)|AR(Ka/CHU)|AR(Ka/CHU)|AR(Ka/CHU);1;1;0;0
L.M. Hermans;SDAP|SDAP|SDAP|SDAP|SDAP|SDAP|SDAP|SDAP|SDAP|SDAP|SDAP|SDAP;0;0;0;1
J.A. Bergmeyer;SDAP|SDAP|SDAP|SDAP|SDAP|SDAP|SDAP|SDAP|SDAP|SDAP|SDAP|SDAP|SDAP|SDAP|SDAP|SDAP|SDAP|SDAP|SDAP;0;0;0;1
dr. H. Gorter;SDAP|SDAP|SDAP|SDAP|SDAP|SDAP|SDP|SDP|SDP;0;0;0;1
mr. W. Dolk;Lib|Lib(VL/VD/SDAP)|Lib|Lib(VL/VD)|Lib(VL)|Lib(VL/VD/SDAP)|Lib|Lib(VL/VD/SDAP);0;0;1;1
mr. D. van Houten;VL;0;0;1;0
W.B. van Liefland;Ka(AR);1;1;0;0
P.J. in de Betou;VD;0;0;0;0
G.J.C.A. Pop;Lib(VL/Ka);0;1;1;0
A. Hoogenraad;AR;1;0;0;0
mr. P.J.M. Aalberse;Ka|Ka|Ka(AR)|Ka(AR/VA)|Ka(AR/CHP)|Ka(AR/CHU)|Ka(AR/CHU)|Ka(AR/CHU)|Ka(AR/CHU)|Ka(AR/CHU);1;1;0;0
H.H. van Waveren;Lib(VL);0;0;1;0
J. Pattist;Lib(VL);0;0;1;0
mr. D. Fock;Lib(VL)|Lib(VL/VD/SDAP)|Lib|Lib(VL/VD)|Lib|Lib|Lib(VL/VD/SDAP)|Lib;0;0;1;1
J.P. van Term;Ka|Ka(AR/CHP)|Ka(AR/CHP);1;1;0;0
mr. A. de Jong;;0;0;0;0
F.J. van Rijswijk;Ka|Ka(AR/VA);1;1;0;0
mr. S. Muller Hzn.;Lib(VL);0;0;1;0
mr. C.T. van Deventer;VD|VD|VD(Lib)|VD(VL/Lib/SDAP)|VD|VD;0;0;1;1
mr. W.C. Bosman;Lib(VL);0;0;1;0
dr. H.F.R. Hubrecht;Lib(VL)|Lib(VL/VD)|Lib|Lib(VL)|Lib|Lib(VL/VD/SDAP)|Lib;0;0;1;1
J.F.M. Sterck;Ka(AR)|Ka(AR/VA);1;1;0;0
H.L. van Hasselt;;0;0;0;0
J.W. Smit;Ka|Ka(AR/CHU)|Ka(AR/CHU);1;1;0;0
H.H. Wollring;SDAP|SDAP;0;0;0;1
A.C. Bleys;Ka;0;1;0;0
mr. M. Mendels;SDAP|SDAP|SDAP(VD)|SDAP|SDAP|SDAP|SDAP|SDAP|SDAP|SDAP|SDAP|SDAP(VL/Lib/VD)|SDAP|SDAP|SDAP;0;0;1;1
F.A. van Hall;;0;0;0;0
J. Deen;Lib(VL)|Lib(VL/AR/Ka);1;1;1;0
P.W. Sutorius;Ka(AR);1;1;0;0
jhr.mr. C.J. den Tex;Lib(VL)|Lib(VL/VD);0;0;1;0
A.J.C.J.S. Bergsma;Lib(VL);0;0;1;0
P.H. van Outersterp;Ka;0;1;0;0
F.U. Schmidt;SDAP|SDAP;0;0;0;1
H. Byleveld;;0;0;0;0
F.W.N. Hugenholtz;SDAP|SDAP|SDAP|SDAP|SDAP|SDAP|SDAP(Lib/VD)|SDAP|SDAP(Lib/VD)|SDAP|SDAP|SDAP|SDAP;0;0;1;1
F.H. van Wichen;Ka|Ka|Ka(AR/CHP)|Ka(AR/CHU)|Ka(AR/CHU);1;1;0;0
J.H. Wentholt;Lib(VL);0;0;1;0
C.S. Jaring;Lib(VL);0;0;1;0
J.J.B. Fanoy;VA|CHP;1;0;0;0
F.J.A.M. Wierdels;Ka(AR)|Ka|Ka|Ka;1;1;0;0
J. de Vries;SDAP;0;0;0;1
J.H. Feringa;AR;1;0;0;0
G.A. Vorsterman van Oyen;Lib(VL)|VD|VD;0;0;1;0
P.F. Fruijtier;Ka|Ka(AR/VA)|Ka(AR/CHP)|Ka(AR/CHU)|Ka(AR/CHU)|Ka;1;1;0;0
J.F. Heemskerk;AR(Ka/VA)|AR(Ka/CHP)|AR(Ka/CHU)|AR(Ka/CHU)|AR(Ka/CHU)|AR(Ka/CHU)|AR(Ka/CHU)|AR(Ka/CHU);1;1;0;0
J.A. de Bruijne;Lib(VL);0;0;1;0
jhr. C. RoÃ«ll;CHK|CHP(Ka/AR);1;1;0;0
J. Oudegeest;SDAP|SDAP|SDAP|SDAP|SDAP|SDAP|SDAP|SDAP(Lib/VD)|SDAP;0;0;1;1
dr. A.J.A. Thomas;Lib(VL);0;0;1;0
W. Wijck;Lib(VL);0;0;1;0
mr. H.J. Doude van Troostwijk;CHK|CHU;0;0;0;0
dr. W.P. Ruijsch;Lib(VL)|Lib|Lib(VL);0;0;1;0
mr. D.A.P.N. Koolen;Ka(AR)|Ka(AR/VA)|Ka|Ka|Ka|Ka|Ka;1;1;0;0
mr. R. van Veen;VA(Ka/AR)|CHP(AR)|CHU(Ka/AR)|CHU(Ka/AR)|CHU;1;1;0;0
G.W. Melchers;SDAP|SDAP|SDAP(VD);0;0;0;1
J.P. Vergouwen;AR|AR(Ka/VA);1;1;0;0
mr. J. Schokking;FCH(AR/Ka)|FCH(AR/Ka)|FCH(AR/Ka/VA)|FCH(AR)|FCH(Ka/AR/CHP)|FCH(CHP);1;1;0;0
mr. T. de Vries;AR(Ka)|AR(Ka/CHU)|AR(Ka/CHU);1;1;0;0
J.P. Engelman;Lib(VL);0;0;1;0
mr. H. Okma;AR(Ka)|AR(Ka/CHP)|AR(Ka/CHP/FCH);1;1;0;0
H.P.N. Halbertsma;Lib(VL);0;0;1;0
O. Schriecke;FCH;0;0;0;0
A.S. Talma;AR(Ka)|AR(Ka)|AR(Ka/VA)|AR(Ka/CHP)|AR(Ka/CHP)|AR(Ka/CHP)|AR(Ka/CHP)|AR(Ka/CHP);1;1;0;0
dr. H. Blink;Lib(VL)|Lib;0;0;1;0
mr. F.O. van der Dussen;Lib(VL);0;0;1;0
T.M. Wentholt;Lib(VL);0;0;1;0
dr. M.W. Pijnappel;VL(Lib);0;0;1;0
J. van der Molen Tz.;AR(Ka)|AR(Ka/VA)|AR(Ka)|AR|AR|AR(Ka/CHP)|AR(Ka/CHP/FCH)|AR(Ka/CHU)|AR(Ka/CHU)|AR;1;1;0;0
K. ter Laan;SDAP|SDAP(VD)|SDAP|SDAP(Lib/VD)|SDAP|SDAP|SDAP(Lib/VD)|SDAP|SDAP|SDAP|SDAP(VL/Lib/VD)|SDAP;0;0;1;1
J.W. Rudolph;AR|AR(Ka/VA)|AR(Ka/CHP)|AR(Ka/CHP)|AR(Ka/CHU)|AR(Ka/CHU);1;1;0;0
J.C. Wirtz;AR(Ka)|AR(Ka)|AR(Ka/VA);1;1;0;0
E. Brader Bz.;;0;0;0;0
F. Pomp;SDAP;0;0;0;1
jhr. L.H.L.J. van der Maesen de Sombreff;Ka;0;1;0;0
S.P. Baart;SDAP|SDAP|SDAP;0;0;0;1
J. Arnoldts;Ka;0;1;0;0
jhr.mr. V.E.L. de Stuers;Ka|Ka|Ka|Ka;0;1;0;0
B.J. Hulshof;Ka;0;1;0;0
W. Friesen;Ka;0;1;0;0
jhr.mr. A.F.O. van Sasse van Ysselt;Ka(AR)|Ka(AR)|Ka|Ka(AR/CHU)|Ka;1;1;0;0
mr. J.A.A. Bosch;Lib;0;0;1;0
A.L.J. van Waesberghe;;0;0;0;0
mr. A.L.N. baron van Sloet tot Everlo;;0;0;0;0
J.P. Vemer;Ka;0;1;0;0
A.M. Hoogendijk Ez.;;0;0;0;0
J. Veenhoven;Lib;0;0;1;0
F.H. Boels;AR;1;0;0;0
H.N. Schuitema;;0;0;0;0
mr. S. de Vries Cz.;;0;0;0;0
mr. M.M. Schim van der Loeff;Lib|Lib(VL/VD/SDAP);0;0;1;1
jhr.mr. W.T. Gevers Deynoot 2;;0;0;0;0
P.H. van der Kemp;;0;0;0;0
J. de Lange;;0;0;0;0
mr. W. van der Vlugt;VL|VL(Lib/VD);0;0;1;0
jhr. L. van den Berch van Heemstede;;0;0;0;0
K.D. Sijtsma;;0;0;0;0
J.W. Ijzerman;Lib(VL)|Lib(VL)|Lib;0;0;1;0
mr. A. Anema;;0;0;0;0
H. Groenewegen;;0;0;0;0
S. Sinnema;;0;0;0;0
H. Bijleveld;AR(Ka/CHP)|AR(Ka/CHP);1;1;0;0
mr. E.E.E. Sassen;;0;0;0;0
mr. F.I.J. Janssen;Ka(AR)|Ka|Ka(AR/CHU)|Ka;1;1;0;0
S.H.J. Schaepkens;;0;0;0;0
A. Nierstrasz;;0;0;0;0
mr. G.J. Sybrandy;AR(Ka/CHP)|AR(Ka/CHP)|AR(Ka/CHP)|AR(Ka/CHP);1;1;0;0
jhr.mr. P. van Foreest;VL|VL(Lib/VD)|VL|VL(Lib/VD)|VL|VL(Lib/VD)|VL;0;0;1;0
mr. E.B.B. ten Cate;;0;0;0;0
J.F. Tijhof;SDAP;0;0;0;1
J.H.J. Beckers;Ka(AR)|Ka|Ka(CHU)|Ka;1;1;0;0
J.L.M.H. van Wessem;;0;0;0;0
A.G. Snijders;;0;0;0;0
J. Claessen;;0;0;0;0
mr. L.G. Schons;;0;0;0;0
mr. H.A.E. Gadiot;;0;0;0;0
jhr.mr. C.J.M. Ruijs de Beerenbrouck;Ka(AR)|Ka|Ka(CHU)|Ka;1;1;0;0
J.H. ten Dijck;;0;0;0;0
mr. A.I.M.J. baron van Wijnbergen;Ka(AR/CHP)|Ka(AR/CHU)|Ka(AR/CHU)|Ka;1;1;0;0
H. Bos Kz.;AR(Ka/CHP)|AR(Ka/CHU);1;1;0;0
A. van der Heide;SDAP|SDAP|SDAP|SDAP|SDAP|SDAP|SDAP|SDAP|SDAP|SDAP|SDAP|SDAP;0;0;0;1
A. Roodhuyzen;Lib|Lib(VL)|Lib(VL/VD/SDAP)|Lib|Lib(VL/VD/SDAP)|Lib;0;0;1;1
dr. J.A.H. van den Brink;SDAP|SDAP|SDAP|SDAP|SDAP|SDAP|SDAP|SDAP|SDAP;0;0;0;1
G.C.A. Fabius;VD;0;0;0;0
J.M.P. Broeder;Ka;0;1;0;0
mr. E.R.H. Regout;Ka|Ka;0;1;0;0
mr. J.N.J.E. Thijssen;Ka|Ka(AR/CHP);1;1;0;0
F.J. Potter;Lib;0;0;1;0
A. Mutsaers;Ka;0;1;0;0
W.H. Bogaardt;Ka(AR)|Ka(AR)|Ka|Ka;1;1;0;0
A.C.A. van Vuuren;Ka|Ka|Ka|Ka|Ka;0;1;0;0
A.G.J. Mastboom;Ka;0;1;0;0
jhr.mr. R.A.P. Sandberg tot Essenburg;VL;0;0;1;0
C. van der Voort van Zijp;AR(Ka/CHP)|AR(Ka/CHP)|AR(Ka/CHP)|AR(Ka/CHU)|AR(Ka/CHU)|AR;1;1;0;0
D. Brocx;Lib(VL)|Lib(VL);0;0;1;0
mr. T.J.A. Duijnstee;Ka|Ka(AR/CHU)|Ka(AR/CHU)|Ka;1;1;0;0
mr. P. Tideman;VL|VL|VL|VL|VL;0;0;1;0
S. Lindeman;SDAP|SDAP|SDAP|SDAP;0;0;0;1
F.J.W. baron van Pallandt van Rosendael;;0;0;0;0
jhr.mr. O.F.A.M. van Nispen tot Sevenaer;Ka(AR)|Ka|Ka(AR/CHU);1;1;0;0
K. Reyne;Lib|Lib|Lib(VL/VD);0;0;1;0
mr. Ã. baron van Mackay Thzn.;CHP(Ka/AR);1;1;0;0
mr. A.R. Zimmerman;VL;0;0;1;0
J.H.F. van Zadelhoff;SDAP|SDAP|SDAP|SDAP|SDAP;0;0;0;1
mr. L. van Andel;AR(Ka/CHP);1;1;0;0
mr. J. Limburg;VD|VD(VL/Lib)|VD|VD(VL)|VD(CHU)|VD|VD(VL/Lib)|VD|VD(VL/Lib)|VD|VD;0;0;1;0
mr. J.H. Valckenier Kips;VL;0;0;1;0
T.B.V. Dill;CD|CHP;0;0;0;0
dr. W.C.A. baron van Vredenburch;NH(Ka/AR/CHP)|NH(Ka/AR/CHP);1;1;0;0
H. van Munster;CD|CD;0;0;0;0
dr. T.G. den Houter;AR(Ka/CHP)|AR(Ka/CHP);1;1;0;0
C. Plug;FCH;0;0;0;0
mr. A. Ferf;Lib|Lib(VL);0;0;1;0
H. Spiekman;SDAP|SDAP|SDAP|SDAP|SDAP|SDAP|SDAP|SDAP|SDAP|SDAP|SDAP|SDAP(VL/Lib/VD)|SDAP|SDAP(VL/Lib/VD)|SDAP|SDAP|SDAP;0;0;1;1
P.J. Helsdingen;SDAP;0;0;0;1
K.A. Warmenhoven jr.;CHP(Ka/AR);1;1;0;0
J.M. Voorhoeve 2;AR(Ka/CHP)|AR(Ka/CHP);1;1;0;0
dr. J. van Leeuwen;SDAP|SDAP|SDAP|SDAP|SDAP|SDAP|SDAP|SDAP|SDAP|SDAP(VL/Lib/VD)|SDAP|SDAP|SDAP;0;0;1;1
M.C.M. de Groot;VD;0;0;0;0
jhr.mr. H. Smissaert;VL|VL(Lib/VD)|VL;0;0;1;0
mr. J. Ankerman;FCH|FCH(Ka/AR/CHP)|FCH(Ka/AR/CHP/VL)|CHU(Ka/AR)|CHU(AR)|CHU(Ka/AR)|CHU(Ka/AR)|CHU;1;1;1;0
J.H. Blum;AR(Ka/CHP)|AR(Ka/CHP)|AR(Ka/CHP)|AR(Ka/CHU)|AR(Ka/CHU)|AR(Ka/CHU);1;1;0;0
F.C.J. Netscher;VD|VD|VD|VD;0;0;0;0
D. Schut;AR(Ka/CHP);1;1;0;0
S.J. Pothuis;SDAP;0;0;0;1
mr. H.W. Hovy;AR(Ka/CHU)|AR(Ka/CHU);1;1;0;0
mr. G.A.P.M. van der Aa;Ka(AR/CHP);1;1;0;0
dr. C.F.J. Blooker;VL(Lib)|VL(Lib/VD)|VL;0;0;1;0
T. Westra;SDAP;0;0;0;1
W.H. Lieftinck;CD|CD|CD|NBPK;0;0;0;0
J. Gerritz;SDAP|SDAP;0;0;0;1
O. Kamerlingh Onnes;VL;0;0;1;0
jhr.mr. F.K. van Lennep;CHP(Ka/AR)|CHP(Ka/AR)|CHU(Ka/AR)|CHU(Ka/AR);1;1;0;0
L. Adriaanse;AR(CHP);1;0;0;0
N.H. van Roggen;VD|VD;0;0;0;0
H. Snijders;VD|VD|VD|VD|VD(VL/Lib);0;0;1;0
mr. R.J.H. Patijn;Lib(VL)|Lib(VL)|Lib(VL)|Lib|Lib;0;0;1;0
mr. G.W. Sannes;SDAP|SDAP|SDAP|SDAP|SDAP|SDAP|SDAP|SDAP|SDAP|SDAP;0;0;0;1
dr. H.P. Kapteyn;Lib;0;0;1;0
jhr.mr. G.C. von Weiler;CHP(Ka/AR)|CHP(Ka/AR);1;1;0;0
mr. H.C. Dresselhuys;VL|VL|VL|VL;0;0;1;0
L.W.J.K. Thomson;Lib|Lib|Lib(VL/FCH/Ka)|Lib(VL)|Lib|Lib(VL/VD/Ka/CHU)|Lib(VL)|Lib|Lib(VL/VD);0;1;1;0
F.M. Wibaut;SDAP|SDAP|SDAP|SDAP|SDAP|SDAP;0;0;0;1
T.A. Hettinga;Ka(AR/CHP);1;1;0;0
dr. C.J. Niemeijer;Lib|Lib(VL/VD);0;0;1;0
H. van Eijck van Heslinga;FCH;0;0;0;0
J. Huizinga;AR(Ka/CHP)|AR(Ka/CHP/FCH)|AR(Ka/CHU);1;1;0;0
A.H.J. Engels;Ka(AR/CHP)|Ka(AR/CHP)|Ka;1;1;0;0
A. Kreuzen Azn.;CD;0;0;0;0
dr. W.J.M. Engelberts;VL;0;0;1;0
J.H. Tromp Meesters;Lib(VL);0;0;1;0
mr.dr. J.H.W.Q. ter Spill;Lib(VL)|VL|VL|VL|VL(Lib/VD/SDAP)|VL;0;0;1;1
mr. J. baron van Aulnis de Bourouill;VL;0;0;1;0
F. van der Pers;CD;0;0;0;0
H. de Wilde;AR(Ka/CHP)|AR(Ka/CHP);1;1;0;0
U.G. Schilthuis Jzn.;VD;0;0;0;0
H.J. Kenter;SDAP;0;0;0;1
H. Thoden van Velzen;VL;0;0;1;0
D.G. Postma;AR(Ka/CHP)|AR(Ka/CHP);1;1;0;0
P. Wielinga;AR(Ka/CHP)|AR(Ka/CHU);1;1;0;0
J. Knoppers;CHP(Ka/AR);1;1;0;0
J.J.A. Kamps;Ka;0;1;0;0
J.H. Pinckers;Ka;0;1;0;0
B.B. Wilton;;0;0;0;0
S. van den Bergh jr.;Lib|Lib;0;0;1;0
mr. W. Ingen Housz;;0;0;0;0
H. Paul;;0;0;0;0
jhr. S. van Citters;;0;0;0;0
dr. A. van Raalte;;0;0;0;0
jhr.mr. D.J. de Geer;CHU(Ka/AR)|CHU(Ka/AR)|CHU(Ka/AR)|CHU(Ka/AR)|CHU;1;1;0;0
H.J. Versteeg;;0;0;0;0
mr. T.H. de Meester;Lib(VL)|Lib(VL)|Lib(VL)|Lib(VL/VD/SDAP)|Lib(VL)|Lib(VL/VD/Ka/CHU)|Lib|Lib(VL/VD);0;1;1;1
A.L.G.H.M. Coenen;Ka;0;1;0;0
G. Nijpels;VD|VD|VD|VD;0;0;0;0
J.A. Oomen;Ka;0;1;0;0
J. Jansen;SDAP;0;0;0;1
W.F. Dekkers;SDAP|SDAP;0;0;0;1
J. Esmeijer;VD|VD|VD(VL/Lib/SDAP);0;0;1;1
H.C. Hogerzeil;AR(Ka/CHU)|AR(Ka/CHU)|AR(Ka/CHU)|AR(Ka/CHU)|AR(Ka/CHU)|AR(Ka/CHU)|AR(Ka/CHU)|AR(Ka/CHU);1;1;0;0
Z.D.J.W. Gulden;SDAP|SDAP;0;0;0;1
jhr. G.J.A. Schimmelpenninck;CHU|CHU|CHU|CHU;0;0;0;0
J.C.J.B.A. de Josselin de Jong;Lib(VL);0;0;1;0
mr. A. baron van Heeckeren van Kell;AR(Ka/CHU)|AR(Ka/CHU)|AR(Ka/CHU)|AR(Ka/CHU)|AR(Ka/CHU)|AR(Ka/CHU)|AR(Ka/CHU);1;1;0;0
J. Kok;SDAP;0;0;0;1
J. Kraus;Lib(VL);0;0;1;0
N. van Hinte;SDAP|SDAP;0;0;0;1
mr.dr. H.J. Romeijn;Lib(VL)|Lib(VL);0;0;1;0
H. Colijn;AR(Ka/CHU)|AR(Ka/CHU)|AR(Ka/CHU);1;1;0;0
P.J. de Kanter;Lib(VL)|Lib(VL/VD/SDAP)|Lib;0;0;1;1
mr. J. van Drooge;VD;0;0;0;0
J.R. Snoeck Henkemans;CHU(Ka/AR)|CHU(Ka/AR)|CHU(Ka/AR)|CHU(Ka/AR)|CHU(Ka/AR)|CHU(Ka/AR)|CHU(Ka/AR)|CHU(Ka/AR)|CHU(Ka/AR)|CHU(Ka/AR)|CHU(Ka/AR)|CHU(Ka/AR)|CHU(Ka)|CHU(Ka)|CHU;1;1;0;0
L. Hoejenbos;SDAP|SDAP|SDAP|SDAP;0;0;0;1
H.J. de Groot;AR(CHU);1;0;0;0
J. Bleeker;SDAP;0;0;0;1
jhr.mr. C.A. Elias;Lib(VL);0;0;1;0
A. Kaptein;Lib;0;0;1;0
L.L.H. de Visser;SDP|SDP|SDP|SDP|SDP|SDP|SDP|SDP|SDP|SDP|SDP|SDP;0;0;0;1
W.H. van Bilderbeek;Lib(VL);0;0;1;0
J. Welleman;VD|VD;0;0;0;0
dr. W. van Ravesteijn jr.;SDP|SDP|SDP|SDP|SDP|SDP|SDP|SDP;0;0;0;1
J. ter Laan;SDAP|SDAP|SDAP(VL/Lib/VD)|SDAP;0;0;1;1
mr. S.J.L. van Aalten jr.;VD;0;0;0;0
F.W.J.G. Snijder van Wissenkerke;Lib(VL);0;0;1;0
J.N. Hendrix;Ka(AR/CHU);1;1;0;0
mr. G.A. van Hamel;Lib(VL)|Lib(VL/VD/Ka/CHU)|Lib|Lib;0;1;1;0
D.J. Wijnkoop;SDP|SDP|SDP|SDP;0;0;0;1
J.E.W. Duijs;SDAP|SDAP|SDAP|SDAP|SDAP|SDAP|SDAP|SDAP|SDAP;0;0;0;1
N. Bosboom;VL;0;0;1;0
G.A.A. Middelberg;AR(Ka/CHU)|AR(Ka/CHU)|AR(Ka/CHU);1;1;0;0
W. de Vlugt;;0;0;0;0
A. Schucking Kool;VD;0;0;0;0
mr. J.H. Thiel;VD|VD(VL/Lib/SDAP);0;0;1;1
J.H.M. Balvers;Ka;0;1;0;0
C. Thomassen;SDAP|SDAP|SDAP;0;0;0;1
F. Fokkens;CHU(AR)|CHU(AR);1;0;0;0
T. van der Waerden;SDAP|SDAP|SDAP|SDAP;0;0;0;1
C.D. Wesseling;Ka(AR/CHU)|Ka(AR/CHU)|Ka(AR/CHU)|Ka(AR/CHU);1;1;0;0
G. Klomp;;0;0;0;0
mr. V.H. Rutgers;AR(Ka/CHU)|AR(Ka/CHU)|AR(Ka/CHU)|AR;1;1;0;0
H.J.C. van Tienen;Lib(VL)|Lib(VL/VD/Ka/CHU);0;1;1;0
jhr. R.R.L. de Muralt;Lib(VL)|Lib|Lib;0;0;1;0
H.A. van Dalsum;Ka|Ka;0;1;0;0
jhr. E.A.O. de Casembroot;VL;0;0;1;0
mr. P. Dieleman;AR(Ka/CHU)|AR(Ka/CHU);1;1;0;0
mr. H.J.H. baron van Boetzelaer;;0;0;0;0
mr. F.A. van Engen;VD;0;0;0;0
mr. W.H.M. Werker;VD;0;0;0;0
K. de Vries Szn.;VD;0;0;0;0
C.E. van Koetsveld;CHU(Ka/AR)|CHU(Ka/AR)|OCH;1;1;0;0
A. Rauwerda;VD;0;0;0;0
H.A.J. van Wijhe;SDAP|SDAP;0;0;0;1
G. Hofstede;AR(Ka/CHU)|AR(Ka/CHU)|AR(Ka/CHU)|AR(Ka/CHU);1;1;0;0
H.D. van Ketwich Verschuur;VL;0;0;1;0
D. van der Sluis;Lib(VL);0;0;1;0
J.W. Albarda;SDAP|SDAP|SDAP(VL/Lib/VD)|SDAP;0;0;1;1
G. Elhorst;AR(Ka/CHU)|AR(Ka/CHU)|AR(Ka/CHU);1;1;0;0
C.K. Elout;Lib(VL);0;0;1;0
mr. F.A.C. graaf van Lynden van Sandenburg;AR(Ka/CHU);1;1;0;0
N.J. Bosch;Lib(VL)|Lib;0;0;1;0
H.W. Teesselink;Lib(VL);0;0;1;0
mr. J. van Gilse;Lib(VL);0;0;1;0
A. Zijlstra;AR(Ka/CHU)|AR(Ka/CHU)|AR(Ka/CHU)|AR(Ka)|AR(Ka/CHU)|AR(Ka/CHU)|AR(Ka/CHU);1;1;0;0
H. Groenewout;VD;0;0;0;0
F.G. Petersen;AR(Ka/CHU)|AR(Ka/CHU)|AR(Ka/CHU)|AR(Ka/CHU);1;1;0;0
F.J.W. Drion;VL|VL|VL(Lib/VD/SDAP)|VL;0;0;1;1
E.M. Teenstra;VD|VD(VL/Lib/SDAP)|VD|VD(VL/Lib/SDAP)|VD;0;0;1;1
jhr. L.A.S.J. de Milly van Heiden Reinestein;VL|VL;0;0;1;0
E. Rugge;SDAP|SDAP;0;0;0;1
jhr.mr. W.C. de Jonge;SDAP|SDAP;0;0;0;1
J.B.H. Klijnen;VL;0;0;1;0
P.M.F.H. Brouwers;Ka;0;1;0;0
W. Manen Jzn.;;0;0;0;0
mr. J.B.L.C.C. baron van Wijkerslooth de Weerdesteijn;Ka|Ka|Ka(AR/CHU)|Ka;1;1;0;0
F.H. de MontÃ© ver Loren;AR|AR(CHU)|AR(Ka/CHU)|AR;1;1;0;0
F.L.S.F. baron van Tuyl van Serooskerken van Zuylen;Lib;0;0;1;0
mr.dr. J. van Best;Ka(CHU)|Ka;0;1;0;0
A.N. Fleskens;Ka|Ka;0;1;0;0
I.A. Swane;;0;0;0;0
G.J. de Jongh;;0;0;0;0
dr. J.G. Scheurer;AR(Ka/CHU)|AR;1;1;0;0
P. Noordwal;;0;0;0;0
mr. H. van der Vegte;;0;0;0;0
Ã. baron van Mackay;CHU;0;0;0;0
A.B. Kleerekoper;SDAP|SDAP(VL/Lib/VD)|SDAP;0;0;1;1
mr. C.J.A. Bichon van Ysselmonde;OCH|OCH|OCH;0;0;0;0
W.J.E.H.M. de Jong;Lib|Lib|Lib(VL/VD/SDAP)|Lib;0;0;1;1
H.T. s' Jacob;;0;0;0;0
P. Teunissen;;0;0;0;0
W. Fransen Jzn.;Ka(AR/CHU);1;1;0;0
H. Stulemeijer;Ka(AR/CHU);1;1;0;0
W.J.F. Juten;Ka|Ka|Ka;0;1;0;0
dr. G.W. Kernkamp;VD|VD|VD;0;0;0;0
H.A. Koomans;SDAP|SDAP|SDAP|SDAP;0;0;0;1
T.C. van Erp;Ka;0;1;0;0
W.H. Boogaardt;;0;0;0;0
J. Westerhof;SDAP;0;0;0;1
J. van Rijzewijk;Ka;0;1;0;0
H. Prinsen;Ka;0;1;0;0
A. Dijkgraaf;SDAP|SDAP|SDAP;0;0;0;1
mr. J.A. de Wilde;AR(Ka/CHU)|AR(Ka/CHU)|AR(Ka/CHU)|AR(Ka/CHU)|AR(Ka/CHU)|AR(Ka/CHU);1;1;0;0
H.P.J. Bloemers;Lib;0;0;1;0
mr.dr. A.R. van de Laar;CS|CS|CS|CS;0;0;0;0
A.C.M. Rijke;Ka;0;1;0;0
H.C. Diferee;NBPK;0;0;0;0
M.J. Wiessing;Ka;0;1;0;0
A. van der Poel;SDAP;0;0;0;1
M. Jongebreur;AR;1;0;0;0
J.W. Matthijsen;SDAP;0;0;0;1
J. van der Veen;CHU;0;0;0;0
J.E. Stork 2;VL;0;0;1;0
C. Smeenk;AR(Ka/CHU)|AR(Ka/CHU)|AR(Ka/CHU)|AR(Ka/CHU);1;1;0;0
J.W.F.S. Middelbeek;Lib;0;0;1;0
A. Colijn jr.;AR(Ka/CHU)|AR(Ka/CHU)|AR(Ka/CHU)|AR(Ka/CHU);1;1;0;0
A.W. Heijkoop;SDAP;0;0;0;1
W.J.C. van Santen;Lib|Lib;0;0;1;0
mr. A.C. Visser van Yzendoorn;VL|VL(Lib/VD/SDAP)|VL;0;0;1;1
mr. P.E. BriÃ«t;AR(Ka/CHU)|AR(Ka/CHU)|AR(Ka/CHU)|AR(Ka/CHU);1;1;0;0
G. Roos;CHU;0;0;0;0
dr. E.A. Keuchenius;CS|CS|CS|CS;0;0;0;0
E. Deen;VD;0;0;0;0
A. ten Bosch N.Jzn.;;0;0;0;0
B. Luteraan;SDP|SDP|SDP;0;0;0;1
J.G. Suring;Ka(AR/CHU);1;1;0;0
mr. J.C. Kielstra;VL|VL;0;0;1;0
S.R. Rodrigues de Miranda;SDAP;0;0;0;1
mr. J.E. Heeres;Lib|Lib(VL/VD/SDAP)|Lib;0;0;1;1
J.C.B. Eykman;CS|CS;0;0;0;0
F.M. Knobel;VL|VL|VL(Lib/VD/SDAP)|VL;0;0;1;1
B.J. Gerretson;CHU(Ka/AR)|CHU(Ka/AR)|CHU|CHU|CHU;1;1;0;0
J.H. Lasonder;Lib;0;0;1;0
J. van Vollenhoven;VL|VL(Lib/VD/SDAP)|VL;0;0;1;1
A.B. de Zeeuw;SDAP|SDAP|SDAP;0;0;0;1
dr. J.H. Gunning Wzn.;Lib;0;0;1;0
P. de Bruin;SDAP;0;0;0;1
dr. W.W. van der Meulen;VL;0;0;1;0
P. Otto;Lib|Lib|Lib|Lib;0;0;1;0
mr. P.J. Reijmer;Ka(AR/CHU)|Ka;1;1;0;0
mr. B.E. Asscher;Lib;0;0;1;0
J. ter Haar jr.;CHU(Ka/AR);1;1;0;0
H.J.A. Mulder;;0;0;0;0
W. Boissevain;VL|VL(Lib/VD/SDAP)|VL;0;0;1;1
mr. T.B. Pleijte;VD;0;0;0;0
mr. L.N. Roodenburg;VD|VD(VL/Lib/SDAP)|VD;0;0;1;1
A. Nagtzaam;SDAP;0;0;0;1
A. van der Flier G.Jzn.;CS;0;0;0;0
J.H. Huijbers;SDAP;0;0;0;1
jhr.mr. D.E. van Lennep;CHU(Ka/AR)|CHU(Ka/AR);1;1;0;0
J. Korthals Altes;Lib;0;0;1;0
S.C. Rodrigues;SDAP;0;0;0;1
C.J. van der Hegge Spies;AR(Ka/CHU);1;1;0;0
G.A. Vader;SDP|SDP;0;0;0;1
J.G. Moojen;Lib;0;0;1;0
G. Middelburg;SDAP;0;0;0;1
J. Ossewaarde;SDAP;0;0;0;1
G.F. Lindeijer;SDAP|SDAP;0;0;0;1
mr. J.A. van Hamel;Lib|Lib;0;0;1;0
W.C. baron van RoÃ«ll;CHU(Ka/AR)|CHU(Ka/AR);1;1;0;0
J. van den Berg;SDP;0;0;0;1
J. Sibinga Mulder;Lib|Lib;0;0;1;0
J.H. Anema;SDAP;0;0;0;1
mr.dr. A.D.H. Fockema Andreae;VL;0;0;1;0
J.H. Faber;Lib;0;0;1;0
dr. P. Kohnstamm;VD|VD(VL/Lib);0;0;1;0
J. de Bruijn;AR(Ka/CHU);1;1;0;0
J.C. baron van Haersolte;AR(Ka/CHU);1;1;0;0
dr. E.J. Beumer;AR(Ka/CHU)|AR(Ka/CHU)|AR;1;1;0;0
J.C. de Gast;Lib|Lib(VL/VD/SDAP);0;0;1;1
mr.dr. E. van Ketwich Verschuur;Lib;0;0;1;0
B. Boers;SDAP;0;0;0;1
G. Schotveld;SDAP;0;0;0;1
mr. E.J. Thomassen Ã Thuessink van der Hoop van Slochteren;CHU;0;0;0;0
G. Sterringa;SDP|SDP|SDP|SDP;0;0;0;1
R. Koppe;AR(Ka/CHU);1;1;0;0
P. Hiemstra;SDAP;0;0;0;1
N.J. Schrijen;Ka;0;1;0;0
mr. A.P.E.A. Wijmans;;0;0;0;0
J. Diepen;Ka;0;1;0;0
M.C.E. Bongaerts;Ka|Ka;0;1;0;0
J.T. Verheggen;Ka;0;1;0;0
J.A. Rosenveldt;SDAP;0;0;0;1
A.H. Gijzels;Ka;0;1;0;0
B. Nierstrasz;VL|VL|VL;0;0;1;0
P.A.C. Joosten;SDAP;0;0;0;1
dr. B.D. Eerdmans;Lib;0;0;1;0
C.J. Kuiper;;0;0;0;0
mr. H.W.C.J. de Jong;;0;0;0;0
K. van Trigt;;0;0;0;0
J. van den Tempel;SDAP;0;0;0;1
jhr.mr.dr. E.A. van Beresteijn;VD;0;0;0;0
K. Stenhuis;;0;0;0;0
W.O.A. Koster;VD;0;0;0;0
mr. W.F.W. Kolkman;;0;0;0;0
mr.dr. H.A.G. van Groenendael;Ka;0;1;0;0
G.J.H. Peters;;0;0;0;0
A.P.H.K.J. Kellenaers;;0;0;0;0
mr.dr. A.B.G.M. van Rijckevorsel;Ka;0;1;0;0
mr. J.R.H. van Schaik;Ka;0;1;0;0
jhr. J. Beelaerts van Blokland;;0;0;0;0
mr. A.G.A. ridder van Rappard;;0;0;0;0
mr. J.B. Bomans;Ka;0;1;0;0
S.W. de Clercq;;0;0;0;0
mr. P.J. Oud;VD;0;0;0;0
P. Binkhorst van Oudkarspel;AG;0;0;0;0
P.T. Hugenholtz;AG|AG;0;0;0;0
M.C. van Wijhe;SDP|SDP|SDP|SDP|SDP;0;0;0;1
dr. F. van Eeden;AS|AS|AS;0;0;0;0
F.A.J. van Zeijl;AG;0;0;0;0
A. Braat;PP;0;0;0;0
A. Besemer;PP;0;0;0;0
mr. H.L. IsraÃ«ls;AG;0;0;0;0
dr. P.F. Hubrecht;;0;0;0;0
J.W. Kruyt;CSt|CSt|CSt;0;0;0;0
jhr. J.O. de Jong van Beek en Donk;;0;0;0;0
J.H. Ekering;AG;0;0;0;0
L.L.J. de Visser;SDP;0;0;0;1
H.J. Kruidenier;PP|PP;0;0;0;0
J. Roeper Bosch;AG;0;0;0;0
dr. Z. Kamerling;AG|AS;0;0;0;0
M. Robart;AG;0;0;0;0
A. de Hullu;AG|AG;0;0;0;0
dr. J. Schrijver;AG;0;0;0;0
B. de Ligt;CSt|CSt;0;0;0;0
J.F. Baerveldt;AG|AG;0;0;0;0
W. Oosterbaan;WK;0;0;0;0
J.K. de Blaauw;AG;0;0;0;0
H.C. Hofman;AG;0;0;0;0
A.R. de Jong;CSt|CSt;0;0;0;0
dr. H.C. Muller;AG;0;0;0;0
L. de Baan;CSt;0;0;0;0
H.J. Rijsewijk;SDP;0;0;0;1
H.J. Nijhuis;SDP;0;0;0;1
J.J.J. de Vlam;;0;0;0;0
E. Snellen;;0;0;0;0
J. Schouten;;0;0;0;0
J. de Veen;;0;0;0;0
H.G.M. Hermans;;0;0;0;0
K.J. Vroemen;;0;0;0;0
