politician;vote;law;house;date
Kleerekoper;0;Amendement Presentiegeld 1916;Tweede Kamer;1916-11-17
de Meester;0;Amendement Presentiegeld 1916;Tweede Kamer;1916-11-17
Helsdingen;0;Amendement Presentiegeld 1916;Tweede Kamer;1916-11-17
de Jong;0;Amendement Presentiegeld 1916;Tweede Kamer;1916-11-17
van de Velde;0;Amendement Presentiegeld 1916;Tweede Kamer;1916-11-17
Kolkman;0;Amendement Presentiegeld 1916;Tweede Kamer;1916-11-17
van Leeuwen;0;Amendement Presentiegeld 1916;Tweede Kamer;1916-11-17
D.A.P.N. Koolen;0;Amendement Presentiegeld 1916;Tweede Kamer;1916-11-17
van Wijnbergen;0;Amendement Presentiegeld 1916;Tweede Kamer;1916-11-17
Schaper;0;Amendement Presentiegeld 1916;Tweede Kamer;1916-11-17
Jannink;0;Amendement Presentiegeld 1916;Tweede Kamer;1916-11-17
van der Voort van Zijp;0;Amendement Presentiegeld 1916;Tweede Kamer;1916-11-17
Ruys de Beerenbrouck;0;Amendement Presentiegeld 1916;Tweede Kamer;1916-11-17
Nolens;0;Amendement Presentiegeld 1916;Tweede Kamer;1916-11-17
Marchant;0;Amendement Presentiegeld 1916;Tweede Kamer;1916-11-17
van Veen;0;Amendement Presentiegeld 1916;Tweede Kamer;1916-11-17
Knobel;0;Amendement Presentiegeld 1916;Tweede Kamer;1916-11-17
Albarda;0;Amendement Presentiegeld 1916;Tweede Kamer;1916-11-17
Heeres;0;Amendement Presentiegeld 1916;Tweede Kamer;1916-11-17
Patijn;0;Amendement Presentiegeld 1916;Tweede Kamer;1916-11-17
Loeff;0;Amendement Presentiegeld 1916;Tweede Kamer;1916-11-17
Ankerman;0;Amendement Presentiegeld 1916;Tweede Kamer;1916-11-17
Hugenholtz;0;Amendement Presentiegeld 1916;Tweede Kamer;1916-11-17
Brummelkamp;0;Amendement Presentiegeld 1916;Tweede Kamer;1916-11-17
Koster;0;Amendement Presentiegeld 1916;Tweede Kamer;1916-11-17
Rink;0;Amendement Presentiegeld 1916;Tweede Kamer;1916-11-17
Fock;0;Amendement Presentiegeld 1916;Tweede Kamer;1916-11-17
Bongaerts;0;Amendement Presentiegeld 1916;Tweede Kamer;1916-11-17
de  Geer;0;Amendement Presentiegeld 1916;Tweede Kamer;1916-11-17
van  Beresteyn;0;Amendement Presentiegeld 1916;Tweede Kamer;1916-11-17
Duynstee;0;Amendement Presentiegeld 1916;Tweede Kamer;1916-11-17
van Raalte;0;Amendement Presentiegeld 1916;Tweede Kamer;1916-11-17
Roodenburg;0;Amendement Presentiegeld 1916;Tweede Kamer;1916-11-17
van Rijckevorsel;0;Amendement Presentiegeld 1916;Tweede Kamer;1916-11-17
Beumer;0;Amendement Presentiegeld 1916;Tweede Kamer;1916-11-17
Visser van IJzendoorn;0;Amendement Presentiegeld 1916;Tweede Kamer;1916-11-17
de Visser;0;Amendement Presentiegeld 1916;Tweede Kamer;1916-11-17
Scheurer;0;Amendement Presentiegeld 1916;Tweede Kamer;1916-11-17
Sannes;0;Amendement Presentiegeld 1916;Tweede Kamer;1916-11-17
Roodhuyzen;0;Amendement Presentiegeld 1916;Tweede Kamer;1916-11-17
Drion;0;Amendement Presentiegeld 1916;Tweede Kamer;1916-11-17
Boissevain;0;Amendement Presentiegeld 1916;Tweede Kamer;1916-11-17
Teenstra;0;Amendement Presentiegeld 1916;Tweede Kamer;1916-11-17
Duymaer van Twist;0;Amendement Presentiegeld 1916;Tweede Kamer;1916-11-17
Smeenge;0;Amendement Presentiegeld 1916;Tweede Kamer;1916-11-17
van Hamel;0;Amendement Presentiegeld 1916;Tweede Kamer;1916-11-17
Juten;1;Amendement Presentiegeld 1916;Tweede Kamer;1916-11-17
Otto;1;Amendement Presentiegeld 1916;Tweede Kamer;1916-11-17
Eerdmans;1;Amendement Presentiegeld 1916;Tweede Kamer;1916-11-17
Gerhard;1;Amendement Presentiegeld 1916;Tweede Kamer;1916-11-17
Eland;1;Amendement Presentiegeld 1916;Tweede Kamer;1916-11-17
van Doorn;1;Amendement Presentiegeld 1916;Tweede Kamer;1916-11-17
Schimmelpenninck;1;Amendement Presentiegeld 1916;Tweede Kamer;1916-11-17
Limburg;1;Amendement Presentiegeld 1916;Tweede Kamer;1916-11-17
K. ter Laan;1;Amendement Presentiegeld 1916;Tweede Kamer;1916-11-17
Spiekman;1;Amendement Presentiegeld 1916;Tweede Kamer;1916-11-17
Fruytier;1;Amendement Presentiegeld 1916;Tweede Kamer;1916-11-17
de Muralt;1;Amendement Presentiegeld 1916;Tweede Kamer;1916-11-17
de Savornin Lohman;1;Amendement Presentiegeld 1916;Tweede Kamer;1916-11-17
Rutgers;1;Amendement Presentiegeld 1916;Tweede Kamer;1916-11-17
van Vliet;1;Amendement Presentiegeld 1916;Tweede Kamer;1916-11-17
de Monté verLoren;1;Amendement Presentiegeld 1916;Tweede Kamer;1916-11-17
Engels;1;Amendement Presentiegeld 1916;Tweede Kamer;1916-11-17
Duys;1;Amendement Presentiegeld 1916;Tweede Kamer;1916-11-17
Snoeck Henkemans;1;Amendement Presentiegeld 1916;Tweede Kamer;1916-11-17
van Nispen tot Sevenaer;1;Amendement Presentiegeld 1916;Tweede Kamer;1916-11-17
J. ter Laan;1;Amendement Presentiegeld 1916;Tweede Kamer;1916-11-17
van Groenendael;1;Amendement Presentiegeld 1916;Tweede Kamer;1916-11-17
van  Idsinga;1;Amendement Presentiegeld 1916;Tweede Kamer;1916-11-17
Oosterbaan;1;Amendement Presentiegeld 1916;Tweede Kamer;1916-11-17
van Best;1;Amendement Presentiegeld 1916;Tweede Kamer;1916-11-17
Bogaardt;1;Amendement Presentiegeld 1916;Tweede Kamer;1916-11-17
Mendels;1;Amendement Presentiegeld 1916;Tweede Kamer;1916-11-17
Fleskens;1;Amendement Presentiegeld 1916;Tweede Kamer;1916-11-17
van den Tempel;1;Amendement Presentiegeld 1916;Tweede Kamer;1916-11-17
Arts;1;Amendement Presentiegeld 1916;Tweede Kamer;1916-11-17
ter Spill;1;Amendement Presentiegeld 1916;Tweede Kamer;1916-11-17
Ketelaar;1;Amendement Presentiegeld 1916;Tweede Kamer;1916-11-17
Smeenge;0;Antistakingswet 1903;Tweede Kamer;1903-04-09
Krap;0;Antistakingswet 1903;Tweede Kamer;1903-04-09
van Dedem;0;Antistakingswet 1903;Tweede Kamer;1903-04-09
Fock;0;Antistakingswet 1903;Tweede Kamer;1903-04-09
van Limburg Stirum;0;Antistakingswet 1903;Tweede Kamer;1903-04-09
de Vries;0;Antistakingswet 1903;Tweede Kamer;1903-04-09
Hennequin;0;Antistakingswet 1903;Tweede Kamer;1903-04-09
van de Velde;0;Antistakingswet 1903;Tweede Kamer;1903-04-09
Goekoop;0;Antistakingswet 1903;Tweede Kamer;1903-04-09
de Ram;0;Antistakingswet 1903;Tweede Kamer;1903-04-09
Travaglino;0;Antistakingswet 1903;Tweede Kamer;1903-04-09
Talma;0;Antistakingswet 1903;Tweede Kamer;1903-04-09
van Vliet;0;Antistakingswet 1903;Tweede Kamer;1903-04-09
Schokking;0;Antistakingswet 1903;Tweede Kamer;1903-04-09
van Asch van Wjjck;0;Antistakingswet 1903;Tweede Kamer;1903-04-09
Rink;0;Antistakingswet 1903;Tweede Kamer;1903-04-09
Fruytier;0;Antistakingswet 1903;Tweede Kamer;1903-04-09
Tydeman;0;Antistakingswet 1903;Tweede Kamer;1903-04-09
Dolk;0;Antistakingswet 1903;Tweede Kamer;1903-04-09
Pompe van Meerdervoort;0;Antistakingswet 1903;Tweede Kamer;1903-04-09
Brants;0;Antistakingswet 1903;Tweede Kamer;1903-04-09
Cremer;0;Antistakingswet 1903;Tweede Kamer;1903-04-09
van Veen;0;Antistakingswet 1903;Tweede Kamer;1903-04-09
van Wijck;0;Antistakingswet 1903;Tweede Kamer;1903-04-09
Willinge;0;Antistakingswet 1903;Tweede Kamer;1903-04-09
van Wassenaer van Catwijck;0;Antistakingswet 1903;Tweede Kamer;1903-04-09
Seret;0;Antistakingswet 1903;Tweede Kamer;1903-04-09
Bnunmelkamp;0;Antistakingswet 1903;Tweede Kamer;1903-04-09
Röell;0;Antistakingswet 1903;Tweede Kamer;1903-04-09
van Sasse van Ysselt;0;Antistakingswet 1903;Tweede Kamer;1903-04-09
van den Berch van Heemstede;0;Antistakingswet 1903;Tweede Kamer;1903-04-09
van Löben Sels;0;Antistakingswet 1903;Tweede Kamer;1903-04-09
Friesen;0;Antistakingswet 1903;Tweede Kamer;1903-04-09
O.F.A.M. van Nispen tot Sevenaer;0;Antistakingswet 1903;Tweede Kamer;1903-04-09
Kolkman;0;Antistakingswet 1903;Tweede Kamer;1903-04-09
van der Vlugt;0;Antistakingswet 1903;Tweede Kamer;1903-04-09
Roessingh;0;Antistakingswet 1903;Tweede Kamer;1903-04-09
Okma;0;Antistakingswet 1903;Tweede Kamer;1903-04-09
Goeman Borgesius;0;Antistakingswet 1903;Tweede Kamer;1903-04-09
Michiels van Verduynen;0;Antistakingswet 1903;Tweede Kamer;1903-04-09
Lucasse;0;Antistakingswet 1903;Tweede Kamer;1903-04-09
Duymaer van Twist;0;Antistakingswet 1903;Tweede Kamer;1903-04-09
van Idsinga;0;Antistakingswet 1903;Tweede Kamer;1903-04-09
Heemskerk;0;Antistakingswet 1903;Tweede Kamer;1903-04-09
van Karnebeek;0;Antistakingswet 1903;Tweede Kamer;1903-04-09
de Klerk;0;Antistakingswet 1903;Tweede Kamer;1903-04-09
Lieftinck;0;Antistakingswet 1903;Tweede Kamer;1903-04-09
J.Th. de Visser;0;Antistakingswet 1903;Tweede Kamer;1903-04-09
den Tex;0;Antistakingswet 1903;Tweede Kamer;1903-04-09
Hubrecht;0;Antistakingswet 1903;Tweede Kamer;1903-04-09
Stuers;0;Antistakingswet 1903;Tweede Kamer;1903-04-09
Passtoors;0;Antistakingswet 1903;Tweede Kamer;1903-04-09
de Boer;0;Antistakingswet 1903;Tweede Kamer;1903-04-09
Mutsaers;0;Antistakingswet 1903;Tweede Kamer;1903-04-09
vau den Heuvel;0;Antistakingswet 1903;Tweede Kamer;1903-04-09
Mees;0;Antistakingswet 1903;Tweede Kamer;1903-04-09
Merckelbach;0;Antistakingswet 1903;Tweede Kamer;1903-04-09
Janssen;0;Antistakingswet 1903;Tweede Kamer;1903-04-09
Raymakers;0;Antistakingswet 1903;Tweede Kamer;1903-04-09
van der Borch van Verwolde;0;Antistakingswet 1903;Tweede Kamer;1903-04-09
Arts;0;Antistakingswet 1903;Tweede Kamer;1903-04-09
van Heemstra;0;Antistakingswet 1903;Tweede Kamer;1903-04-09
Ferf;0;Antistakingswet 1903;Tweede Kamer;1903-04-09
van Vlijmen;0;Antistakingswet 1903;Tweede Kamer;1903-04-09
Verhey;0;Antistakingswet 1903;Tweede Kamer;1903-04-09
van Wichen;0;Antistakingswet 1903;Tweede Kamer;1903-04-09
van der Kun;0;Antistakingswet 1903;Tweede Kamer;1903-04-09
Zijlma;0;Antistakingswet 1903;Tweede Kamer;1903-04-09
Sluis;0;Antistakingswet 1903;Tweede Kamer;1903-04-09
de Waal Malefijt;0;Antistakingswet 1903;Tweede Kamer;1903-04-09
van Styrum;0;Antistakingswet 1903;Tweede Kamer;1903-04-09
van Alphen;0;Antistakingswet 1903;Tweede Kamer;1903-04-09
Bolsius;0;Antistakingswet 1903;Tweede Kamer;1903-04-09
de Savornin Lohman;0;Antistakingswet 1903;Tweede Kamer;1903-04-09
Nolens;0;Antistakingswet 1903;Tweede Kamer;1903-04-09
van Bylandt;0;Antistakingswet 1903;Tweede Kamer;1903-04-09
Staalman;0;Antistakingswet 1903;Tweede Kamer;1903-04-09
Aalberse;0;Antistakingswet 1903;Tweede Kamer;1903-04-09
van Gijn;0;Antistakingswet 1903;Tweede Kamer;1903-04-09
Bijleveldt;0;Antistakingswet 1903;Tweede Kamer;1903-04-09
Mackay;0;Antistakingswet 1903;Tweede Kamer;1903-04-09
Nolting;1;Antistakingswet 1903;Tweede Kamer;1903-04-09
Marchant;1;Antistakingswet 1903;Tweede Kamer;1903-04-09
Hugenholtz;1;Antistakingswet 1903;Tweede Kamer;1903-04-09
Smidt;1;Antistakingswet 1903;Tweede Kamer;1903-04-09
van Raalte;1;Antistakingswet 1903;Tweede Kamer;1903-04-09
van der Zwaag;1;Antistakingswet 1903;Tweede Kamer;1903-04-09
Drucker;1;Antistakingswet 1903;Tweede Kamer;1903-04-09
Helsdingen;1;Antistakingswet 1903;Tweede Kamer;1903-04-09
Troelstra;1;Antistakingswet 1903;Tweede Kamer;1903-04-09
Schaper;1;Antistakingswet 1903;Tweede Kamer;1903-04-09
ter Laan;1;Antistakingswet 1903;Tweede Kamer;1903-04-09
Melchers;1;Antistakingswet 1903;Tweede Kamer;1903-04-09
Bos;1;Antistakingswet 1903;Tweede Kamer;1903-04-09
Ketelaar;1;Antistakingswet 1903;Tweede Kamer;1903-04-09
Nolting;1;Arbeidscontractwet 1907;Tweede Kamer;1906-06-21
Roessingh;1;Arbeidscontractwet 1907;Tweede Kamer;1906-06-21
Limburg;1;Arbeidscontractwet 1907;Tweede Kamer;1906-06-21
Thomson;1;Arbeidscontractwet 1907;Tweede Kamer;1906-06-21
Reyne;1;Arbeidscontractwet 1907;Tweede Kamer;1906-06-21
Schaper;1;Arbeidscontractwet 1907;Tweede Kamer;1906-06-21
van Deventer;1;Arbeidscontractwet 1907;Tweede Kamer;1906-06-21
Smidt;1;Arbeidscontractwet 1907;Tweede Kamer;1906-06-21
Hubrecht;1;Arbeidscontractwet 1907;Tweede Kamer;1906-06-21
van Doorn;1;Arbeidscontractwet 1907;Tweede Kamer;1906-06-21
Patijn;1;Arbeidscontractwet 1907;Tweede Kamer;1906-06-21
Drucker;1;Arbeidscontractwet 1907;Tweede Kamer;1906-06-21
ter Laan;1;Arbeidscontractwet 1907;Tweede Kamer;1906-06-21
Marchant;1;Arbeidscontractwet 1907;Tweede Kamer;1906-06-21
Goeman Borgesius;1;Arbeidscontractwet 1907;Tweede Kamer;1906-06-21
Bos;1;Arbeidscontractwet 1907;Tweede Kamer;1906-06-21
Treub;1;Arbeidscontractwet 1907;Tweede Kamer;1906-06-21
van Karnebeek;1;Arbeidscontractwet 1907;Tweede Kamer;1906-06-21
de Klerk;1;Arbeidscontractwet 1907;Tweede Kamer;1906-06-21
Tydeman;1;Arbeidscontractwet 1907;Tweede Kamer;1906-06-21
F.I.J. Janssen;1;Arbeidscontractwet 1907;Tweede Kamer;1906-06-21
IJzerman;1;Arbeidscontractwet 1907;Tweede Kamer;1906-06-21
van Gijn;1;Arbeidscontractwet 1907;Tweede Kamer;1906-06-21
de Boer;1;Arbeidscontractwet 1907;Tweede Kamer;1906-06-21
Lely;1;Arbeidscontractwet 1907;Tweede Kamer;1906-06-21
van Kol;1;Arbeidscontractwet 1907;Tweede Kamer;1906-06-21
Plate;1;Arbeidscontractwet 1907;Tweede Kamer;1906-06-21
Zijlma;1;Arbeidscontractwet 1907;Tweede Kamer;1906-06-21
Jannink;1;Arbeidscontractwet 1907;Tweede Kamer;1906-06-21
de Beaufort;1;Arbeidscontractwet 1907;Tweede Kamer;1906-06-21
Troelstra;1;Arbeidscontractwet 1907;Tweede Kamer;1906-06-21
Pierson;1;Arbeidscontractwet 1907;Tweede Kamer;1906-06-21
Jansen;1;Arbeidscontractwet 1907;Tweede Kamer;1906-06-21
van Foreest;1;Arbeidscontractwet 1907;Tweede Kamer;1906-06-21
van der Zwaag;1;Arbeidscontractwet 1907;Tweede Kamer;1906-06-21
Blooker;1;Arbeidscontractwet 1907;Tweede Kamer;1906-06-21
Smeenge;1;Arbeidscontractwet 1907;Tweede Kamer;1906-06-21
Ketelaar;1;Arbeidscontractwet 1907;Tweede Kamer;1906-06-21
Mees;1;Arbeidscontractwet 1907;Tweede Kamer;1906-06-21
Verhey;1;Arbeidscontractwet 1907;Tweede Kamer;1906-06-21
S. van den Bergh;1;Arbeidscontractwet 1907;Tweede Kamer;1906-06-21
Lieftinck;1;Arbeidscontractwet 1907;Tweede Kamer;1906-06-21
van Styrum;1;Arbeidscontractwet 1907;Tweede Kamer;1906-06-21
Roell;1;Arbeidscontractwet 1907;Tweede Kamer;1906-06-21
van Veen;0;Arbeidscontractwet 1907;Tweede Kamer;1906-06-21
de Ram;0;Arbeidscontractwet 1907;Tweede Kamer;1906-06-21
Nolens;0;Arbeidscontractwet 1907;Tweede Kamer;1906-06-21
van Heemstra;0;Arbeidscontractwet 1907;Tweede Kamer;1906-06-21
van Saste van Ysselt;0;Arbeidscontractwet 1907;Tweede Kamer;1906-06-21
Loeft';0;Arbeidscontractwet 1907;Tweede Kamer;1906-06-21
Heemskerk;0;Arbeidscontractwet 1907;Tweede Kamer;1906-06-21
van Vuuren;0;Arbeidscontractwet 1907;Tweede Kamer;1906-06-21
Duymaer van Twist;0;Arbeidscontractwet 1907;Tweede Kamer;1906-06-21
Kolkman;0;Arbeidscontractwet 1907;Tweede Kamer;1906-06-21
van den Berch van Heemstede;0;Arbeidscontractwet 1907;Tweede Kamer;1906-06-21
Koolen;0;Arbeidscontractwet 1907;Tweede Kamer;1906-06-21
van de Velde;0;Arbeidscontractwet 1907;Tweede Kamer;1906-06-21
de Waal Malefijt;0;Arbeidscontractwet 1907;Tweede Kamer;1906-06-21
Brummelkamp;0;Arbeidscontractwet 1907;Tweede Kamer;1906-06-21
Bogaardt;0;Arbeidscontractwet 1907;Tweede Kamer;1906-06-21
Aalberse;0;Arbeidscontractwet 1907;Tweede Kamer;1906-06-21
van Limburg Stirum;0;Arbeidscontractwet 1907;Tweede Kamer;1906-06-21
Passtoors;0;Arbeidscontractwet 1907;Tweede Kamer;1906-06-21
Duynstee;0;Arbeidscontractwet 1907;Tweede Kamer;1906-06-21
van Vlijmen;0;Arbeidscontractwet 1907;Tweede Kamer;1906-06-21
van den Heuvel;0;Arbeidscontractwet 1907;Tweede Kamer;1906-06-21
Beckers;0;Arbeidscontractwet 1907;Tweede Kamer;1906-06-21
Ruys de Beerenbrouck;0;Arbeidscontractwet 1907;Tweede Kamer;1906-06-21
van Wijnbergen;0;Arbeidscontractwet 1907;Tweede Kamer;1906-06-21
Bolsius;0;Arbeidscontractwet 1907;Tweede Kamer;1906-06-21
Regout;0;Arbeidscontractwet 1907;Tweede Kamer;1906-06-21
Talma;0;Arbeidscontractwet 1907;Tweede Kamer;1906-06-21
Okma;0;Arbeidscontractwet 1907;Tweede Kamer;1906-06-21
van Alphen;0;Arbeidscontractwet 1907;Tweede Kamer;1906-06-21
de Savornin Lobman;0;Arbeidscontractwet 1907;Tweede Kamer;1906-06-21
van Nispen tot Sevenaer;0;Arbeidscontractwet 1907;Tweede Kamer;1906-06-21
Wassenaer van Catwijck;0;Arbeidscontractwet 1907;Tweede Kamer;1906-06-21
van der Borch van Verwolde;0;Arbeidscontractwet 1907;Tweede Kamer;1906-06-21
Fruytier;0;Arbeidscontractwet 1907;Tweede Kamer;1906-06-21
van Idsinga;0;Arbeidscontractwet 1907;Tweede Kamer;1906-06-21
van Dedem;0;Arbeidscontractwet 1907;Tweede Kamer;1906-06-21
Brants;0;Arbeidscontractwet 1907;Tweede Kamer;1906-06-21
Lucasse;0;Arbeidscontractwet 1907;Tweede Kamer;1906-06-21
van Bylandt;0;Arbeidscontractwet 1907;Tweede Kamer;1906-06-21
van Vliet;0;Arbeidscontractwet 1907;Tweede Kamer;1906-06-21
Schokking;0;Arbeidscontractwet 1907;Tweede Kamer;1906-06-21
A.P. Staalman;1;Arbeidswet 1919;Tweede Kamer;1919-07-11
de Monté ver Loren;1;Arbeidswet 1919;Tweede Kamer;1919-07-11
van Wijnbergen;1;Arbeidswet 1919;Tweede Kamer;1919-07-11
Schokking;1;Arbeidswet 1919;Tweede Kamer;1919-07-11
Heemskerk;1;Arbeidswet 1919;Tweede Kamer;1919-07-11
Treub;1;Arbeidswet 1919;Tweede Kamer;1919-07-11
Bakker;1;Arbeidswet 1919;Tweede Kamer;1919-07-11
Schaper;1;Arbeidswet 1919;Tweede Kamer;1919-07-11
Ketelaar;1;Arbeidswet 1919;Tweede Kamer;1919-07-11
Rugge;1;Arbeidswet 1919;Tweede Kamer;1919-07-11
J.E.W. Duijs;1;Arbeidswet 1919;Tweede Kamer;1919-07-11
Groeneweg;1;Arbeidswet 1919;Tweede Kamer;1919-07-11
Helsdingen;1;Arbeidswet 1919;Tweede Kamer;1919-07-11
Kleerekoper;1;Arbeidswet 1919;Tweede Kamer;1919-07-11
van der Waerden;1;Arbeidswet 1919;Tweede Kamer;1919-07-11
Ossendorp;1;Arbeidswet 1919;Tweede Kamer;1919-07-11
Bomans;1;Arbeidswet 1919;Tweede Kamer;1919-07-11
Duymaer van Twist;1;Arbeidswet 1919;Tweede Kamer;1919-07-11
Troelstra;1;Arbeidswet 1919;Tweede Kamer;1919-07-11
Teenstra;1;Arbeidswet 1919;Tweede Kamer;1919-07-11
Swane;1;Arbeidswet 1919;Tweede Kamer;1919-07-11
van der Voort van Zijp;1;Arbeidswet 1919;Tweede Kamer;1919-07-11
Kolkman;1;Arbeidswet 1919;Tweede Kamer;1919-07-11
Snoeck Henkemans;1;Arbeidswet 1919;Tweede Kamer;1919-07-11
de Geer;1;Arbeidswet 1919;Tweede Kamer;1919-07-11
Oud;1;Arbeidswet 1919;Tweede Kamer;1919-07-11
Bongaerts;1;Arbeidswet 1919;Tweede Kamer;1919-07-11
Dresselhuys;1;Arbeidswet 1919;Tweede Kamer;1919-07-11
van Rijzewijk;1;Arbeidswet 1919;Tweede Kamer;1919-07-11
van de Laar;1;Arbeidswet 1919;Tweede Kamer;1919-07-11
Niemeijer;1;Arbeidswet 1919;Tweede Kamer;1919-07-11
A.G.Æ. ridder van Rappard;1;Arbeidswet 1919;Tweede Kamer;1919-07-11
P.J. Reymer;1;Arbeidswet 1919;Tweede Kamer;1919-07-11
Koolen;1;Arbeidswet 1919;Tweede Kamer;1919-07-11
de Jonge;1;Arbeidswet 1919;Tweede Kamer;1919-07-11
Beumer;1;Arbeidswet 1919;Tweede Kamer;1919-07-11
Kuiper;1;Arbeidswet 1919;Tweede Kamer;1919-07-11
Oudegeest;1;Arbeidswet 1919;Tweede Kamer;1919-07-11
van den Tempel;1;Arbeidswet 1919;Tweede Kamer;1919-07-11
van de Bilt;1;Arbeidswet 1919;Tweede Kamer;1919-07-11
L. M. Hermans;1;Arbeidswet 1919;Tweede Kamer;1919-07-11
de Zeeuw;1;Arbeidswet 1919;Tweede Kamer;1919-07-11
Heijkoop;1;Arbeidswet 1919;Tweede Kamer;1919-07-11
Smeenk;1;Arbeidswet 1919;Tweede Kamer;1919-07-11
Deckers;1;Arbeidswet 1919;Tweede Kamer;1919-07-11
Lely;1;Arbeidswet 1919;Tweede Kamer;1919-07-11
de Wilde;1;Arbeidswet 1919;Tweede Kamer;1919-07-11
van Dijk;1;Arbeidswet 1919;Tweede Kamer;1919-07-11
Wintermans;1;Arbeidswet 1919;Tweede Kamer;1919-07-11
van Schaik;1;Arbeidswet 1919;Tweede Kamer;1919-07-11
Haazevoet;1;Arbeidswet 1919;Tweede Kamer;1919-07-11
Nolens;1;Arbeidswet 1919;Tweede Kamer;1919-07-11
van Zadelhoff;1;Arbeidswet 1919;Tweede Kamer;1919-07-11
Poels;1;Arbeidswet 1919;Tweede Kamer;1919-07-11
Ter Hall;1;Arbeidswet 1919;Tweede Kamer;1919-07-11
de Savornin Lohman;1;Arbeidswet 1919;Tweede Kamer;1919-07-11
de Groot;1;Arbeidswet 1919;Tweede Kamer;1919-07-11
H. Hermans;1;Arbeidswet 1919;Tweede Kamer;1919-07-11
Schouten;1;Arbeidswet 1919;Tweede Kamer;1919-07-11
van Veen;1;Arbeidswet 1919;Tweede Kamer;1919-07-11
Engels;1;Arbeidswet 1919;Tweede Kamer;1919-07-11
Zijlstra;1;Arbeidswet 1919;Tweede Kamer;1919-07-11
Fleskens;1;Arbeidswet 1919;Tweede Kamer;1919-07-11
Bulten;1;Arbeidswet 1919;Tweede Kamer;1919-07-11
Rutgers;1;Arbeidswet 1919;Tweede Kamer;1919-07-11
van Ryckevorsel;1;Arbeidswet 1919;Tweede Kamer;1919-07-11
J. ter Laan;1;Arbeidswet 1919;Tweede Kamer;1919-07-11
A. Staalman;1;Arbeidswet 1919;Tweede Kamer;1919-07-11
Fock;1;Arbeidswet 1919;Tweede Kamer;1919-07-11
van Ravesteijn;0;Arbeidswet 1919;Tweede Kamer;1919-07-11
Wijnkoop;0;Arbeidswet 1919;Tweede Kamer;1919-07-11
Kolthek;0;Arbeidswet 1919;Tweede Kamer;1919-07-11
Verhey;1;Hoger Onderwijswet 1904;Tweede Kamer;1904-03-24
ter Laan;1;Hoger Onderwijswet 1904;Tweede Kamer;1904-03-24
van Gijn;1;Hoger Onderwijswet 1904;Tweede Kamer;1904-03-24
Pijnacker Hordijk;1;Hoger Onderwijswet 1904;Tweede Kamer;1904-03-24
Röell;1;Hoger Onderwijswet 1904;Tweede Kamer;1904-03-24
Troelstra;1;Hoger Onderwijswet 1904;Tweede Kamer;1904-03-24
Drucker;1;Hoger Onderwijswet 1904;Tweede Kamer;1904-03-24
Schaper;1;Hoger Onderwijswet 1904;Tweede Kamer;1904-03-24
den Tex;1;Hoger Onderwijswet 1904;Tweede Kamer;1904-03-24
Hugenholtz;1;Hoger Onderwijswet 1904;Tweede Kamer;1904-03-24
Melchers;1;Hoger Onderwijswet 1904;Tweede Kamer;1904-03-24
Nolting;1;Hoger Onderwijswet 1904;Tweede Kamer;1904-03-24
Lieftinck;1;Hoger Onderwijswet 1904;Tweede Kamer;1904-03-24
de Klerk;1;Hoger Onderwijswet 1904;Tweede Kamer;1904-03-24
Rink;1;Hoger Onderwijswet 1904;Tweede Kamer;1904-03-24
Ketelaar;1;Hoger Onderwijswet 1904;Tweede Kamer;1904-03-24
van der Zwaag;1;Hoger Onderwijswet 1904;Tweede Kamer;1904-03-24
Helsdingen;1;Hoger Onderwijswet 1904;Tweede Kamer;1904-03-24
Smidt;1;Hoger Onderwijswet 1904;Tweede Kamer;1904-03-24
van Karnebeek;1;Hoger Onderwijswet 1904;Tweede Kamer;1904-03-24
Ferf;1;Hoger Onderwijswet 1904;Tweede Kamer;1904-03-24
van Styrum;1;Hoger Onderwijswet 1904;Tweede Kamer;1904-03-24
Smeenge;1;Hoger Onderwijswet 1904;Tweede Kamer;1904-03-24
J.Th. de Visser;1;Hoger Onderwijswet 1904;Tweede Kamer;1904-03-24
Cremer;1;Hoger Onderwijswet 1904;Tweede Kamer;1904-03-24
Dolk;1;Hoger Onderwijswet 1904;Tweede Kamer;1904-03-24
Bos;1;Hoger Onderwijswet 1904;Tweede Kamer;1904-03-24
Goeman Borgesius;1;Hoger Onderwijswet 1904;Tweede Kamer;1904-03-24
Tydeman;1;Hoger Onderwijswet 1904;Tweede Kamer;1904-03-24
Hennequin;1;Hoger Onderwijswet 1904;Tweede Kamer;1904-03-24
Hubrecht;1;Hoger Onderwijswet 1904;Tweede Kamer;1904-03-24
Zijlma;1;Hoger Onderwijswet 1904;Tweede Kamer;1904-03-24
van Kol;1;Hoger Onderwijswet 1904;Tweede Kamer;1904-03-24
Goekoop;1;Hoger Onderwijswet 1904;Tweede Kamer;1904-03-24
Roessingh;1;Hoger Onderwijswet 1904;Tweede Kamer;1904-03-24
Willinge;1;Hoger Onderwijswet 1904;Tweede Kamer;1904-03-24
vau Foreest;1;Hoger Onderwijswet 1904;Tweede Kamer;1904-03-24
de Boer;1;Hoger Onderwijswet 1904;Tweede Kamer;1904-03-24
van der Vlugt;1;Hoger Onderwijswet 1904;Tweede Kamer;1904-03-24
Mees;1;Hoger Onderwijswet 1904;Tweede Kamer;1904-03-24
Fock;1;Hoger Onderwijswet 1904;Tweede Kamer;1904-03-24
Schokking;0;Hoger Onderwijswet 1904;Tweede Kamer;1904-03-24
van Vliet;0;Hoger Onderwijswet 1904;Tweede Kamer;1904-03-24
Nolens;0;Hoger Onderwijswet 1904;Tweede Kamer;1904-03-24
Brummmelkamp;0;Hoger Onderwijswet 1904;Tweede Kamer;1904-03-24
Krap;0;Hoger Onderwijswet 1904;Tweede Kamer;1904-03-24
Travaglino;0;Hoger Onderwijswet 1904;Tweede Kamer;1904-03-24
Lucasse;0;Hoger Onderwijswet 1904;Tweede Kamer;1904-03-24
van de Berch van Heemstede;0;Hoger Onderwijswet 1904;Tweede Kamer;1904-03-24
Kolkman;0;Hoger Onderwijswet 1904;Tweede Kamer;1904-03-24
de Waal Malefijt;0;Hoger Onderwijswet 1904;Tweede Kamer;1904-03-24
Byleveld;0;Hoger Onderwijswet 1904;Tweede Kamer;1904-03-24
van Sasse van Ysselt;0;Hoger Onderwijswet 1904;Tweede Kamer;1904-03-24
Duymaer van Twist;0;Hoger Onderwijswet 1904;Tweede Kamer;1904-03-24
vau ldsinga;0;Hoger Onderwijswet 1904;Tweede Kamer;1904-03-24
de Ridder;0;Hoger Onderwijswet 1904;Tweede Kamer;1904-03-24
van Wassenaer van Catwtjck;0;Hoger Onderwijswet 1904;Tweede Kamer;1904-03-24
Michiels van Verduynen;0;Hoger Onderwijswet 1904;Tweede Kamer;1904-03-24
de Ram;0;Hoger Onderwijswet 1904;Tweede Kamer;1904-03-24
van der Kun;0;Hoger Onderwijswet 1904;Tweede Kamer;1904-03-24
de Vries;0;Hoger Onderwijswet 1904;Tweede Kamer;1904-03-24
Aalberse;0;Hoger Onderwijswet 1904;Tweede Kamer;1904-03-24
van Limburg Stirum;0;Hoger Onderwijswet 1904;Tweede Kamer;1904-03-24
Sluis;0;Hoger Onderwijswet 1904;Tweede Kamer;1904-03-24
de Stuers;0;Hoger Onderwijswet 1904;Tweede Kamer;1904-03-24
Staalman;0;Hoger Onderwijswet 1904;Tweede Kamer;1904-03-24
Beckers;0;Hoger Onderwijswet 1904;Tweede Kamer;1904-03-24
van den Heuvel;0;Hoger Onderwijswet 1904;Tweede Kamer;1904-03-24
Mutsaers;0;Hoger Onderwijswet 1904;Tweede Kamer;1904-03-24
Janssen;0;Hoger Onderwijswet 1904;Tweede Kamer;1904-03-24
Raymakers;0;Hoger Onderwijswet 1904;Tweede Kamer;1904-03-24
van der Borch van Verwolde;0;Hoger Onderwijswet 1904;Tweede Kamer;1904-03-24
Friesen;0;Hoger Onderwijswet 1904;Tweede Kamer;1904-03-24
Merckelbach;0;Hoger Onderwijswet 1904;Tweede Kamer;1904-03-24
van Asch van Wyek;0;Hoger Onderwijswet 1904;Tweede Kamer;1904-03-24
van Löben Sels;0;Hoger Onderwijswet 1904;Tweede Kamer;1904-03-24
van Nispen tot Sevenaer;0;Hoger Onderwijswet 1904;Tweede Kamer;1904-03-24
van Wichen;0;Hoger Onderwijswet 1904;Tweede Kamer;1904-03-24
Talma;0;Hoger Onderwijswet 1904;Tweede Kamer;1904-03-24
van Dedem;0;Hoger Onderwijswet 1904;Tweede Kamer;1904-03-24
Pompe van Meerdervoort;0;Hoger Onderwijswet 1904;Tweede Kamer;1904-03-24
de Savornin Lohman;0;Hoger Onderwijswet 1904;Tweede Kamer;1904-03-24
van Veen;0;Hoger Onderwijswet 1904;Tweede Kamer;1904-03-24
van Vlijmen;0;Hoger Onderwijswet 1904;Tweede Kamer;1904-03-24
Arts;0;Hoger Onderwijswet 1904;Tweede Kamer;1904-03-24
Okma;0;Hoger Onderwijswet 1904;Tweede Kamer;1904-03-24
Bolsius;0;Hoger Onderwijswet 1904;Tweede Kamer;1904-03-24
Brants;0;Hoger Onderwijswet 1904;Tweede Kamer;1904-03-24
Heemskerk;0;Hoger Onderwijswet 1904;Tweede Kamer;1904-03-24
van Bylandt;0;Hoger Onderwijswet 1904;Tweede Kamer;1904-03-24
van de Velde;0;Hoger Onderwijswet 1904;Tweede Kamer;1904-03-24
van Heemstra;0;Hoger Onderwijswet 1904;Tweede Kamer;1904-03-24
van Alphen;0;Hoger Onderwijswet 1904;Tweede Kamer;1904-03-24
Fruytier;0;Hoger Onderwijswet 1904;Tweede Kamer;1904-03-24
Passtoors;0;Hoger Onderwijswet 1904;Tweede Kamer;1904-03-24
Seret;0;Hoger Onderwijswet 1904;Tweede Kamer;1904-03-24
Mackay;0;Hoger Onderwijswet 1904;Tweede Kamer;1904-03-24
C. van Nispen tot Sevenaer;1;Kinderwetje 1874;Tweede Kamer;1874-05-05
Schimmelpenninck van der Oye;1;Kinderwetje 1874;Tweede Kamer;1874-05-05
Sandberg;1;Kinderwetje 1874;Tweede Kamer;1874-05-05
van Kerkwijk;1;Kinderwetje 1874;Tweede Kamer;1874-05-05
Brouwer;1;Kinderwetje 1874;Tweede Kamer;1874-05-05
Bredius;1;Kinderwetje 1874;Tweede Kamer;1874-05-05
van Baar;1;Kinderwetje 1874;Tweede Kamer;1874-05-05
de Jong;1;Kinderwetje 1874;Tweede Kamer;1874-05-05
Cremer van den Berch van Heemstede;1;Kinderwetje 1874;Tweede Kamer;1874-05-05
Hingst;1;Kinderwetje 1874;Tweede Kamer;1874-05-05
van Loon;1;Kinderwetje 1874;Tweede Kamer;1874-05-05
Rombach;1;Kinderwetje 1874;Tweede Kamer;1874-05-05
Heydenryck;1;Kinderwetje 1874;Tweede Kamer;1874-05-05
Bichon van IJsselmonde;1;Kinderwetje 1874;Tweede Kamer;1874-05-05
van Houten;1;Kinderwetje 1874;Tweede Kamer;1874-05-05
Lenting;1;Kinderwetje 1874;Tweede Kamer;1874-05-05
Oldenhuis Gratama;1;Kinderwetje 1874;Tweede Kamer;1874-05-05
Jonckbloet;1;Kinderwetje 1874;Tweede Kamer;1874-05-05
van Lynden van Sandenburg;1;Kinderwetje 1874;Tweede Kamer;1874-05-05
Insinger;1;Kinderwetje 1874;Tweede Kamer;1874-05-05
van Eck;1;Kinderwetje 1874;Tweede Kamer;1874-05-05
van Zuijlen van Nyevelt;1;Kinderwetje 1874;Tweede Kamer;1874-05-05
Mirandolle;1;Kinderwetje 1874;Tweede Kamer;1874-05-05
Blom;1;Kinderwetje 1874;Tweede Kamer;1874-05-05
Cremers;1;Kinderwetje 1874;Tweede Kamer;1874-05-05
Godefroi;1;Kinderwetje 1874;Tweede Kamer;1874-05-05
Wintgens;1;Kinderwetje 1874;Tweede Kamer;1874-05-05
Borret;1;Kinderwetje 1874;Tweede Kamer;1874-05-05
Blussé van Oud-Alblas;1;Kinderwetje 1874;Tweede Kamer;1874-05-05
Fabius;1;Kinderwetje 1874;Tweede Kamer;1874-05-05
G.C.J. van Reenen;1;Kinderwetje 1874;Tweede Kamer;1874-05-05
G.E.F.X.M. Kerens de Wylré;1;Kinderwetje 1874;Tweede Kamer;1874-05-05
Dam;1;Kinderwetje 1874;Tweede Kamer;1874-05-05
Haffmans;1;Kinderwetje 1874;Tweede Kamer;1874-05-05
Arnoldts;1;Kinderwetje 1874;Tweede Kamer;1874-05-05
van den Heuvel;1;Kinderwetje 1874;Tweede Kamer;1874-05-05
Lambrechts;1;Kinderwetje 1874;Tweede Kamer;1874-05-05
Teding van Berkhout;1;Kinderwetje 1874;Tweede Kamer;1874-05-05
van Foreest;1;Kinderwetje 1874;Tweede Kamer;1874-05-05
Gevers Deynoot;1;Kinderwetje 1874;Tweede Kamer;1874-05-05
van der Does de Willebois;1;Kinderwetje 1874;Tweede Kamer;1874-05-05
Kien;1;Kinderwetje 1874;Tweede Kamer;1874-05-05
van Nispen van Sevenaer;1;Kinderwetje 1874;Tweede Kamer;1874-05-05
Wybenga;1;Kinderwetje 1874;Tweede Kamer;1874-05-05
van Naamen van Eemnes;1;Kinderwetje 1874;Tweede Kamer;1874-05-05
van Wasseneer van Catwijck;1;Kinderwetje 1874;Tweede Kamer;1874-05-05
Nierstrasz;1;Kinderwetje 1874;Tweede Kamer;1874-05-05
Bergsma;1;Kinderwetje 1874;Tweede Kamer;1874-05-05
Rutgers van Rozenburg;1;Kinderwetje 1874;Tweede Kamer;1874-05-05
Stieltjes;1;Kinderwetje 1874;Tweede Kamer;1874-05-05
Moens;1;Kinderwetje 1874;Tweede Kamer;1874-05-05
's Jacob;1;Kinderwetje 1874;Tweede Kamer;1874-05-05
Kappeyne van de Coppollo;1;Kinderwetje 1874;Tweede Kamer;1874-05-05
de Bruyn Kops;1;Kinderwetje 1874;Tweede Kamer;1874-05-05
Mees;1;Kinderwetje 1874;Tweede Kamer;1874-05-05
Smitz;1;Kinderwetje 1874;Tweede Kamer;1874-05-05
de Ruiter Zylker;1;Kinderwetje 1874;Tweede Kamer;1874-05-05
Mackay;1;Kinderwetje 1874;Tweede Kamer;1874-05-05
de Bieberstein Rogalla Zawadsky;1;Kinderwetje 1874;Tweede Kamer;1874-05-05
Smidt;1;Kinderwetje 1874;Tweede Kamer;1874-05-05
van Kuyk;1;Kinderwetje 1874;Tweede Kamer;1874-05-05
Schimmelpenninck;1;Kinderwetje 1874;Tweede Kamer;1874-05-05
van Zinnicq Bergmann;1;Kinderwetje 1874;Tweede Kamer;1874-05-05
Verheijen;0;Kinderwetje 1874;Tweede Kamer;1874-05-05
Begram;0;Kinderwetje 1874;Tweede Kamer;1874-05-05
Idzerda;0;Kinderwetje 1874;Tweede Kamer;1874-05-05
Kuyper;0;Kinderwetje 1874;Tweede Kamer;1874-05-05
Luyben;0;Kinderwetje 1874;Tweede Kamer;1874-05-05
Saaymans Vader;0;Kinderwetje 1874;Tweede Kamer;1874-05-05
Lieftinck;1;Leerplichtwet 1901;Tweede Kamer;1900-03-30
Van Gijn;1;Leerplichtwet 1901;Tweede Kamer;1900-03-30
Groen van Waarder;1;Leerplichtwet 1901;Tweede Kamer;1900-03-30
Smeenge;1;Leerplichtwet 1901;Tweede Kamer;1900-03-30
Hennequin;1;Leerplichtwet 1901;Tweede Kamer;1900-03-30
De Beaufort;1;Leerplichtwet 1901;Tweede Kamer;1900-03-30
Kerdijk;1;Leerplichtwet 1901;Tweede Kamer;1900-03-30
Bouman;1;Leerplichtwet 1901;Tweede Kamer;1900-03-30
Fokker;1;Leerplichtwet 1901;Tweede Kamer;1900-03-30
Pijnacker Hordijk;1;Leerplichtwet 1901;Tweede Kamer;1900-03-30
Hartogh;1;Leerplichtwet 1901;Tweede Kamer;1900-03-30
van Raalte;1;Leerplichtwet 1901;Tweede Kamer;1900-03-30
Schepel;1;Leerplichtwet 1901;Tweede Kamer;1900-03-30
Kolkman;1;Leerplichtwet 1901;Tweede Kamer;1900-03-30
Lely;1;Leerplichtwet 1901;Tweede Kamer;1900-03-30
Goeman Borgesius;1;Leerplichtwet 1901;Tweede Kamer;1900-03-30
De Klerk;1;Leerplichtwet 1901;Tweede Kamer;1900-03-30
Heldt;1;Leerplichtwet 1901;Tweede Kamer;1900-03-30
Veegens;1;Leerplichtwet 1901;Tweede Kamer;1900-03-30
Tijdeman;1;Leerplichtwet 1901;Tweede Kamer;1900-03-30
Rink;1;Leerplichtwet 1901;Tweede Kamer;1900-03-30
Tak van Poortvliet;1;Leerplichtwet 1901;Tweede Kamer;1900-03-30
Conrad;1;Leerplichtwet 1901;Tweede Kamer;1900-03-30
Goekoop;1;Leerplichtwet 1901;Tweede Kamer;1900-03-30
van Kerkwijk;1;Leerplichtwet 1901;Tweede Kamer;1900-03-30
Zijlma;1;Leerplichtwet 1901;Tweede Kamer;1900-03-30
Tijdens;1;Leerplichtwet 1901;Tweede Kamer;1900-03-30
Schaafsma;1;Leerplichtwet 1901;Tweede Kamer;1900-03-30
Houwing;1;Leerplichtwet 1901;Tweede Kamer;1900-03-30
Drucker;1;Leerplichtwet 1901;Tweede Kamer;1900-03-30
Schaepman;1;Leerplichtwet 1901;Tweede Kamer;1900-03-30
Kool;1;Leerplichtwet 1901;Tweede Kamer;1900-03-30
Ferf;1;Leerplichtwet 1901;Tweede Kamer;1900-03-30
de Boer;1;Leerplichtwet 1901;Tweede Kamer;1900-03-30
Willinge;1;Leerplichtwet 1901;Tweede Kamer;1900-03-30
Pyttersen;1;Leerplichtwet 1901;Tweede Kamer;1900-03-30
Mees;1;Leerplichtwet 1901;Tweede Kamer;1900-03-30
Knijff;1;Leerplichtwet 1901;Tweede Kamer;1900-03-30
van Deinse;1;Leerplichtwet 1901;Tweede Kamer;1900-03-30
C.J.E. Van Bylandt;1;Leerplichtwet 1901;Tweede Kamer;1900-03-30
Geertsema;1;Leerplichtwet 1901;Tweede Kamer;1900-03-30
Rethaan Macaré;1;Leerplichtwet 1901;Tweede Kamer;1900-03-30
Van Gilse;1;Leerplichtwet 1901;Tweede Kamer;1900-03-30
Roessingh;1;Leerplichtwet 1901;Tweede Kamer;1900-03-30
Verhey;1;Leerplichtwet 1901;Tweede Kamer;1900-03-30
Ketelaar;1;Leerplichtwet 1901;Tweede Kamer;1900-03-30
Nolting;1;Leerplichtwet 1901;Tweede Kamer;1900-03-30
Meesters;1;Leerplichtwet 1901;Tweede Kamer;1900-03-30
Hesselink van Suchtelen;1;Leerplichtwet 1901;Tweede Kamer;1900-03-30
Gleichman;1;Leerplichtwet 1901;Tweede Kamer;1900-03-30
Van Basten Batenburg;0;Leerplichtwet 1901;Tweede Kamer;1900-03-30
Van der Borch van Verwolde;0;Leerplichtwet 1901;Tweede Kamer;1900-03-30
Van der Kun;0;Leerplichtwet 1901;Tweede Kamer;1900-03-30
't Hooft;0;Leerplichtwet 1901;Tweede Kamer;1900-03-30
Brummelkamp;0;Leerplichtwet 1901;Tweede Kamer;1900-03-30
Schaper;0;Leerplichtwet 1901;Tweede Kamer;1900-03-30
H.M.J. Van Asch van Wijck;0;Leerplichtwet 1901;Tweede Kamer;1900-03-30
Merkelbach;0;Leerplichtwet 1901;Tweede Kamer;1900-03-30
Van Heemstra;0;Leerplichtwet 1901;Tweede Kamer;1900-03-30
Krap;0;Leerplichtwet 1901;Tweede Kamer;1900-03-30
De Ram;0;Leerplichtwet 1901;Tweede Kamer;1900-03-30
Dobbelmann;0;Leerplichtwet 1901;Tweede Kamer;1900-03-30
Truijen;0;Leerplichtwet 1901;Tweede Kamer;1900-03-30
De Ras;0;Leerplichtwet 1901;Tweede Kamer;1900-03-30
Van den Berch van Heemstede;0;Leerplichtwet 1901;Tweede Kamer;1900-03-30
Van Limburg Stirum;0;Leerplichtwet 1901;Tweede Kamer;1900-03-30
Harte van Tecklenburg;0;Leerplichtwet 1901;Tweede Kamer;1900-03-30
Van Kempen;0;Leerplichtwet 1901;Tweede Kamer;1900-03-30
Van Karnebeek;0;Leerplichtwet 1901;Tweede Kamer;1900-03-30
De Bieberstein Rogalla Zawadsky;0;Leerplichtwet 1901;Tweede Kamer;1900-03-30
Michiels van Verduynen;0;Leerplichtwet 1901;Tweede Kamer;1900-03-30
Seret;0;Leerplichtwet 1901;Tweede Kamer;1900-03-30
Vermeulen;0;Leerplichtwet 1901;Tweede Kamer;1900-03-30
Troelsta;0;Leerplichtwet 1901;Tweede Kamer;1900-03-30
Van der Zwaag;0;Leerplichtwet 1901;Tweede Kamer;1900-03-30
De Visser;0;Leerplichtwet 1901;Tweede Kamer;1900-03-30
Van Dedem;0;Leerplichtwet 1901;Tweede Kamer;1900-03-30
Loeff;0;Leerplichtwet 1901;Tweede Kamer;1900-03-30
Jansen;0;Leerplichtwet 1901;Tweede Kamer;1900-03-30
Lucasse;0;Leerplichtwet 1901;Tweede Kamer;1900-03-30
W.K.F.P. van Bylandt;0;Leerplichtwet 1901;Tweede Kamer;1900-03-30
L.H.J.M. Van Asch van Wijck;0;Leerplichtwet 1901;Tweede Kamer;1900-03-30
Van Kol;0;Leerplichtwet 1901;Tweede Kamer;1900-03-30
Pijnappel;0;Leerplichtwet 1901;Tweede Kamer;1900-03-30
Kuyper;0;Leerplichtwet 1901;Tweede Kamer;1900-03-30
Bastert;0;Leerplichtwet 1901;Tweede Kamer;1900-03-30
De Waal Malefijt;0;Leerplichtwet 1901;Tweede Kamer;1900-03-30
Mutsaers;0;Leerplichtwet 1901;Tweede Kamer;1900-03-30
Travaglino;0;Leerplichtwet 1901;Tweede Kamer;1900-03-30
Mackay;0;Leerplichtwet 1901;Tweede Kamer;1900-03-30
Van de Velde;0;Leerplichtwet 1901;Tweede Kamer;1900-03-30
De Savornin Lohman;0;Leerplichtwet 1901;Tweede Kamer;1900-03-30
Van Vlijmen;0;Leerplichtwet 1901;Tweede Kamer;1900-03-30
Van den Heuvel;0;Leerplichtwet 1901;Tweede Kamer;1900-03-30
Everts;0;Leerplichtwet 1901;Tweede Kamer;1900-03-30
Donner;0;Leerplichtwet 1901;Tweede Kamer;1900-03-30
Staalman;0;Leerplichtwet 1901;Tweede Kamer;1900-03-30
Van Alphen;0;Leerplichtwet 1901;Tweede Kamer;1900-03-30
Nolens;0;Leerplichtwet 1901;Tweede Kamer;1900-03-30
Zijlma;1;Ongevallenwet 1901;Tweede Kamer;1899-12-13
van Deinse;1;Ongevallenwet 1901;Tweede Kamer;1899-12-13
Donner;1;Ongevallenwet 1901;Tweede Kamer;1899-12-13
van Kol;1;Ongevallenwet 1901;Tweede Kamer;1899-12-13
Schaper;1;Ongevallenwet 1901;Tweede Kamer;1899-12-13
C.J.E. van Bylandt;1;Ongevallenwet 1901;Tweede Kamer;1899-12-13
Dobbelmann;1;Ongevallenwet 1901;Tweede Kamer;1899-12-13
Meesters;1;Ongevallenwet 1901;Tweede Kamer;1899-12-13
Trujjen;1;Ongevallenwet 1901;Tweede Kamer;1899-12-13
Fokker;1;Ongevallenwet 1901;Tweede Kamer;1899-12-13
Rethaan Macaré;1;Ongevallenwet 1901;Tweede Kamer;1899-12-13
van Kempen;1;Ongevallenwet 1901;Tweede Kamer;1899-12-13
Nolting;1;Ongevallenwet 1901;Tweede Kamer;1899-12-13
van Gijn;1;Ongevallenwet 1901;Tweede Kamer;1899-12-13
Pijnappel;1;Ongevallenwet 1901;Tweede Kamer;1899-12-13
Heldt;1;Ongevallenwet 1901;Tweede Kamer;1899-12-13
Merckelbach;1;Ongevallenwet 1901;Tweede Kamer;1899-12-13
van der Zwaag;1;Ongevallenwet 1901;Tweede Kamer;1899-12-13
Nolens;1;Ongevallenwet 1901;Tweede Kamer;1899-12-13
Goeman Borgesius;1;Ongevallenwet 1901;Tweede Kamer;1899-12-13
Bouman;1;Ongevallenwet 1901;Tweede Kamer;1899-12-13
Troelstra;1;Ongevallenwet 1901;Tweede Kamer;1899-12-13
van Gilse;1;Ongevallenwet 1901;Tweede Kamer;1899-12-13
Michiels van Verduynen;1;Ongevallenwet 1901;Tweede Kamer;1899-12-13
Groen van Waarder;1;Ongevallenwet 1901;Tweede Kamer;1899-12-13
Hennequin;1;Ongevallenwet 1901;Tweede Kamer;1899-12-13
de Klerk;1;Ongevallenwet 1901;Tweede Kamer;1899-12-13
van Heemstra;1;Ongevallenwet 1901;Tweede Kamer;1899-12-13
de Ras;1;Ongevallenwet 1901;Tweede Kamer;1899-12-13
Tydeman;1;Ongevallenwet 1901;Tweede Kamer;1899-12-13
Lely;1;Ongevallenwet 1901;Tweede Kamer;1899-12-13
Kolkman;1;Ongevallenwet 1901;Tweede Kamer;1899-12-13
de Beaufort;1;Ongevallenwet 1901;Tweede Kamer;1899-12-13
Verhey;1;Ongevallenwet 1901;Tweede Kamer;1899-12-13
van Raalte;1;Ongevallenwet 1901;Tweede Kamer;1899-12-13
Tak van Poortvliet;1;Ongevallenwet 1901;Tweede Kamer;1899-12-13
Brummelkamp;1;Ongevallenwet 1901;Tweede Kamer;1899-12-13
Roessingh;1;Ongevallenwet 1901;Tweede Kamer;1899-12-13
Goekoop;1;Ongevallenwet 1901;Tweede Kamer;1899-12-13
de Kam;1;Ongevallenwet 1901;Tweede Kamer;1899-12-13
L.H.J.M. van Asch van Wijck;1;Ongevallenwet 1901;Tweede Kamer;1899-12-13
Loeff;1;Ongevallenwet 1901;Tweede Kamer;1899-12-13
van der Kun;1;Ongevallenwet 1901;Tweede Kamer;1899-12-13
H.M.J. van Asch van Wijck;1;Ongevallenwet 1901;Tweede Kamer;1899-12-13
van Basten Batenburg;1;Ongevallenwet 1901;Tweede Kamer;1899-12-13
Rink;1;Ongevallenwet 1901;Tweede Kamer;1899-12-13
Kuyper;1;Ongevallenwet 1901;Tweede Kamer;1899-12-13
Lieftinck;1;Ongevallenwet 1901;Tweede Kamer;1899-12-13
Veegens;1;Ongevallenwet 1901;Tweede Kamer;1899-12-13
Conrad;1;Ongevallenwet 1901;Tweede Kamer;1899-12-13
Harte van Tecklenburg;1;Ongevallenwet 1901;Tweede Kamer;1899-12-13
't Hooft;1;Ongevallenwet 1901;Tweede Kamer;1899-12-13
Smeenge;1;Ongevallenwet 1901;Tweede Kamer;1899-12-13
Schaepman;1;Ongevallenwet 1901;Tweede Kamer;1899-12-13
Ferf;1;Ongevallenwet 1901;Tweede Kamer;1899-12-13
de Bieberstein Rogalla Zawadsky;1;Ongevallenwet 1901;Tweede Kamer;1899-12-13
Travaglino;1;Ongevallenwet 1901;Tweede Kamer;1899-12-13
Pijnacker Hordijk;1;Ongevallenwet 1901;Tweede Kamer;1899-12-13
van Vlijmen;1;Ongevallenwet 1901;Tweede Kamer;1899-12-13
Krap;1;Ongevallenwet 1901;Tweede Kamer;1899-12-13
Geertsema;1;Ongevallenwet 1901;Tweede Kamer;1899-12-13
Pyttersen;1;Ongevallenwet 1901;Tweede Kamer;1899-12-13
Jansen;1;Ongevallenwet 1901;Tweede Kamer;1899-12-13
van de Velde;1;Ongevallenwet 1901;Tweede Kamer;1899-12-13
Knijff̈;1;Ongevallenwet 1901;Tweede Kamer;1899-12-13
Ketelaar;1;Ongevallenwet 1901;Tweede Kamer;1899-12-13
Hesselink van Suchtelen;1;Ongevallenwet 1901;Tweede Kamer;1899-12-13
de Boer;1;Ongevallenwet 1901;Tweede Kamer;1899-12-13
Staalman;1;Ongevallenwet 1901;Tweede Kamer;1899-12-13
Houwing;1;Ongevallenwet 1901;Tweede Kamer;1899-12-13
Kool;1;Ongevallenwet 1901;Tweede Kamer;1899-12-13
Drucker;1;Ongevallenwet 1901;Tweede Kamer;1899-12-13
de Waal Malefijt;1;Ongevallenwet 1901;Tweede Kamer;1899-12-13
van Alphen;1;Ongevallenwet 1901;Tweede Kamer;1899-12-13
Lucasse;1;Ongevallenwet 1901;Tweede Kamer;1899-12-13
Mees;1;Ongevallenwet 1901;Tweede Kamer;1899-12-13
Schaafsma;1;Ongevallenwet 1901;Tweede Kamer;1899-12-13
Seret;1;Ongevallenwet 1901;Tweede Kamer;1899-12-13
Gleichman;1;Ongevallenwet 1901;Tweede Kamer;1899-12-13
van Kerkwijk;0;Ongevallenwet 1901;Tweede Kamer;1899-12-13
de Visser;0;Ongevallenwet 1901;Tweede Kamer;1899-12-13
van den Berch van Heemstede;0;Ongevallenwet 1901;Tweede Kamer;1899-12-13
de Savornin Lohman;0;Ongevallenwet 1901;Tweede Kamer;1899-12-13
Schimmelpenninck;0;Ongevallenwet 1901;Tweede Kamer;1899-12-13
Bastert;0;Ongevallenwet 1901;Tweede Kamer;1899-12-13
Mackay;0;Ongevallenwet 1901;Tweede Kamer;1899-12-13
van Karnebeek;0;Ongevallenwet 1901;Tweede Kamer;1899-12-13
Vermeulen;0;Ongevallenwet 1901;Tweede Kamer;1899-12-13
van den Heuvel;0;Ongevallenwet 1901;Tweede Kamer;1899-12-13
Mutsaers;0;Ongevallenwet 1901;Tweede Kamer;1899-12-13
van Dedem;0;Ongevallenwet 1901;Tweede Kamer;1899-12-13
W.K.F.P. van Bylandt;0;Ongevallenwet 1901;Tweede Kamer;1899-12-13
Everts;0;Ongevallenwet 1901;Tweede Kamer;1899-12-13
Jannink;1;Staatspensioen 1916;Tweede Kamer;1916-05-18
van den Tempel;1;Staatspensioen 1916;Tweede Kamer;1916-05-18
Duys;1;Staatspensioen 1916;Tweede Kamer;1916-05-18
Fock;1;Staatspensioen 1916;Tweede Kamer;1916-05-18
de Beaufort;1;Staatspensioen 1916;Tweede Kamer;1916-05-18
de Jong;1;Staatspensioen 1916;Tweede Kamer;1916-05-18
J. ter Laan;1;Staatspensioen 1916;Tweede Kamer;1916-05-18
Schaper;1;Staatspensioen 1916;Tweede Kamer;1916-05-18
Albarda;1;Staatspensioen 1916;Tweede Kamer;1916-05-18
ter Spill;1;Staatspensioen 1916;Tweede Kamer;1916-05-18
Otto;1;Staatspensioen 1916;Tweede Kamer;1916-05-18
Nierstrasz;1;Staatspensioen 1916;Tweede Kamer;1916-05-18
van Doorn;1;Staatspensioen 1916;Tweede Kamer;1916-05-18
Roodenburg;1;Staatspensioen 1916;Tweede Kamer;1916-05-18
Tydeman;1;Staatspensioen 1916;Tweede Kamer;1916-05-18
Kleerekoper;1;Staatspensioen 1916;Tweede Kamer;1916-05-18
Hubrecht;1;Staatspensioen 1916;Tweede Kamer;1916-05-18
Troelstra;1;Staatspensioen 1916;Tweede Kamer;1916-05-18
de Muralt;1;Staatspensioen 1916;Tweede Kamer;1916-05-18
Eerdmans;1;Staatspensioen 1916;Tweede Kamer;1916-05-18
Smeenge;1;Staatspensioen 1916;Tweede Kamer;1916-05-18
Lieftinck;1;Staatspensioen 1916;Tweede Kamer;1916-05-18
Hugenkoltz;1;Staatspensioen 1916;Tweede Kamer;1916-05-18
J.C. Jansen;1;Staatspensioen 1916;Tweede Kamer;1916-05-18
van Foreest;1;Staatspensioen 1916;Tweede Kamer;1916-05-18
Knobel;1;Staatspensioen 1916;Tweede Kamer;1916-05-18
van Leeuwen;1;Staatspensioen 1916;Tweede Kamer;1916-05-18
Heeres;1;Staatspensioen 1916;Tweede Kamer;1916-05-18
Gerkard;1;Staatspensioen 1916;Tweede Kamer;1916-05-18
Visser van IJzendoorn;1;Staatspensioen 1916;Tweede Kamer;1916-05-18
K. ter Laan;1;Staatspensioen 1916;Tweede Kamer;1916-05-18
Patijn;1;Staatspensioen 1916;Tweede Kamer;1916-05-18
Helsdingen;1;Staatspensioen 1916;Tweede Kamer;1916-05-18
Eland;1;Staatspensioen 1916;Tweede Kamer;1916-05-18
Drion;1;Staatspensioen 1916;Tweede Kamer;1916-05-18
Limburg;1;Staatspensioen 1916;Tweede Kamer;1916-05-18
Schim van der Loeff;1;Staatspensioen 1916;Tweede Kamer;1916-05-18
Boissevain;1;Staatspensioen 1916;Tweede Kamer;1916-05-18
van Hamel;1;Staatspensioen 1916;Tweede Kamer;1916-05-18
Koster;1;Staatspensioen 1916;Tweede Kamer;1916-05-18
Marchant;1;Staatspensioen 1916;Tweede Kamer;1916-05-18
de Meester;1;Staatspensioen 1916;Tweede Kamer;1916-05-18
Teenstra;1;Staatspensioen 1916;Tweede Kamer;1916-05-18
Roodkuyzen;1;Staatspensioen 1916;Tweede Kamer;1916-05-18
Rink;1;Staatspensioen 1916;Tweede Kamer;1916-05-18
Ketelaar;1;Staatspensioen 1916;Tweede Kamer;1916-05-18
Mendels;1;Staatspensioen 1916;Tweede Kamer;1916-05-18
Sannes;1;Staatspensioen 1916;Tweede Kamer;1916-05-18
van Raalte;1;Staatspensioen 1916;Tweede Kamer;1916-05-18
Spiekman;1;Staatspensioen 1916;Tweede Kamer;1916-05-18
Goeman Borgesius;1;Staatspensioen 1916;Tweede Kamer;1916-05-18
Schimmelpenninck;0;Staatspensioen 1916;Tweede Kamer;1916-05-18
de Monté ver Loren;0;Staatspensioen 1916;Tweede Kamer;1916-05-18
de Geer;0;Staatspensioen 1916;Tweede Kamer;1916-05-18
de Savornin Lokman;0;Staatspensioen 1916;Tweede Kamer;1916-05-18
van der Molen;0;Staatspensioen 1916;Tweede Kamer;1916-05-18
van de Velde;0;Staatspensioen 1916;Tweede Kamer;1916-05-18
Duymaer van Twist;0;Staatspensioen 1916;Tweede Kamer;1916-05-18
Snoeck Henkemans;0;Staatspensioen 1916;Tweede Kamer;1916-05-18
Rutgers;0;Staatspensioen 1916;Tweede Kamer;1916-05-18
Üosterbaan;0;Staatspensioen 1916;Tweede Kamer;1916-05-18
de Wijkerslootk de Weerdesteyn;0;Staatspensioen 1916;Tweede Kamer;1916-05-18
Beumer;0;Staatspensioen 1916;Tweede Kamer;1916-05-18
Arts;0;Staatspensioen 1916;Tweede Kamer;1916-05-18
Bogaardt;0;Staatspensioen 1916;Tweede Kamer;1916-05-18
Scheurer;0;Staatspensioen 1916;Tweede Kamer;1916-05-18
Duynstee;0;Staatspensioen 1916;Tweede Kamer;1916-05-18
Fruytier;0;Staatspensioen 1916;Tweede Kamer;1916-05-18
Van Veen;0;Staatspensioen 1916;Tweede Kamer;1916-05-18
van Wijnbergen;0;Staatspensioen 1916;Tweede Kamer;1916-05-18
de Visser;0;Staatspensioen 1916;Tweede Kamer;1916-05-18
van Idsinga;0;Staatspensioen 1916;Tweede Kamer;1916-05-18
F.I.J. Janssen;0;Staatspensioen 1916;Tweede Kamer;1916-05-18
Beckers;0;Staatspensioen 1916;Tweede Kamer;1916-05-18
van Wichen;0;Staatspensioen 1916;Tweede Kamer;1916-05-18
Aalberse;0;Staatspensioen 1916;Tweede Kamer;1916-05-18
Bichon van Ijsselmonde;0;Staatspensioen 1916;Tweede Kamer;1916-05-18
van der Voort van Zijp;0;Staatspensioen 1916;Tweede Kamer;1916-05-18
Koolen;0;Staatspensioen 1916;Tweede Kamer;1916-05-18
Aukerman;0;Staatspensioen 1916;Tweede Kamer;1916-05-18
Bongaerts;0;Staatspensioen 1916;Tweede Kamer;1916-05-18
Kolkman;0;Staatspensioen 1916;Tweede Kamer;1916-05-18
Gerretson;0;Staatspensioen 1916;Tweede Kamer;1916-05-18
Ruys de Beerenbrouck;0;Staatspensioen 1916;Tweede Kamer;1916-05-18
Brummelkamp;0;Staatspensioen 1916;Tweede Kamer;1916-05-18
Jansen;1;Wet Ouderdom Invaliditeit 1913;Tweede Kamer;1913-03-07
van Hamel;1;Wet Ouderdom Invaliditeit 1913;Tweede Kamer;1913-03-07
Drucker;1;Wet Ouderdom Invaliditeit 1913;Tweede Kamer;1913-03-07
Roodhuyzen;1;Wet Ouderdom Invaliditeit 1913;Tweede Kamer;1913-03-07
Helsdingen;1;Wet Ouderdom Invaliditeit 1913;Tweede Kamer;1913-03-07
van Foreest;1;Wet Ouderdom Invaliditeit 1913;Tweede Kamer;1913-03-07
Verhey;1;Wet Ouderdom Invaliditeit 1913;Tweede Kamer;1913-03-07
Vorsterman van Oijen;1;Wet Ouderdom Invaliditeit 1913;Tweede Kamer;1913-03-07
de Beaufort;1;Wet Ouderdom Invaliditeit 1913;Tweede Kamer;1913-03-07
Eland;1;Wet Ouderdom Invaliditeit 1913;Tweede Kamer;1913-03-07
Schaper;1;Wet Ouderdom Invaliditeit 1913;Tweede Kamer;1913-03-07
Duijs;1;Wet Ouderdom Invaliditeit 1913;Tweede Kamer;1913-03-07
Troelstra;1;Wet Ouderdom Invaliditeit 1913;Tweede Kamer;1913-03-07
Teenstra;1;Wet Ouderdom Invaliditeit 1913;Tweede Kamer;1913-03-07
Jannink;1;Wet Ouderdom Invaliditeit 1913;Tweede Kamer;1913-03-07
ter Laan;1;Wet Ouderdom Invaliditeit 1913;Tweede Kamer;1913-03-07
Treub;1;Wet Ouderdom Invaliditeit 1913;Tweede Kamer;1913-03-07
de Meester;1;Wet Ouderdom Invaliditeit 1913;Tweede Kamer;1913-03-07
Limburg;1;Wet Ouderdom Invaliditeit 1913;Tweede Kamer;1913-03-07
Smeenge;1;Wet Ouderdom Invaliditeit 1913;Tweede Kamer;1913-03-07
Smidt;1;Wet Ouderdom Invaliditeit 1913;Tweede Kamer;1913-03-07
van Karnebeek;1;Wet Ouderdom Invaliditeit 1913;Tweede Kamer;1913-03-07
Dolk;1;Wet Ouderdom Invaliditeit 1913;Tweede Kamer;1913-03-07
Rink;1;Wet Ouderdom Invaliditeit 1913;Tweede Kamer;1913-03-07
de Jongh;1;Wet Ouderdom Invaliditeit 1913;Tweede Kamer;1913-03-07
Vliegen;1;Wet Ouderdom Invaliditeit 1913;Tweede Kamer;1913-03-07
Lieftinck;1;Wet Ouderdom Invaliditeit 1913;Tweede Kamer;1913-03-07
Marchant;1;Wet Ouderdom Invaliditeit 1913;Tweede Kamer;1913-03-07
de Kanter;1;Wet Ouderdom Invaliditeit 1913;Tweede Kamer;1913-03-07
de Klerk;1;Wet Ouderdom Invaliditeit 1913;Tweede Kamer;1913-03-07
Bos;1;Wet Ouderdom Invaliditeit 1913;Tweede Kamer;1913-03-07
Patijn;1;Wet Ouderdom Invaliditeit 1913;Tweede Kamer;1913-03-07
Goeman Borgesius;1;Wet Ouderdom Invaliditeit 1913;Tweede Kamer;1913-03-07
Hugenholtz;1;Wet Ouderdom Invaliditeit 1913;Tweede Kamer;1913-03-07
Tydeman;1;Wet Ouderdom Invaliditeit 1913;Tweede Kamer;1913-03-07
Arts;0;Wet Ouderdom Invaliditeit 1913;Tweede Kamer;1913-03-07
Bolsius;0;Wet Ouderdom Invaliditeit 1913;Tweede Kamer;1913-03-07
Ruys de Beerenbrouck;0;Wet Ouderdom Invaliditeit 1913;Tweede Kamer;1913-03-07
van Best;0;Wet Ouderdom Invaliditeit 1913;Tweede Kamer;1913-03-07
Scheurer;0;Wet Ouderdom Invaliditeit 1913;Tweede Kamer;1913-03-07
Duynstee;0;Wet Ouderdom Invaliditeit 1913;Tweede Kamer;1913-03-07
van Lennep;0;Wet Ouderdom Invaliditeit 1913;Tweede Kamer;1913-03-07
Passtoors;0;Wet Ouderdom Invaliditeit 1913;Tweede Kamer;1913-03-07
Duymaer van Twist;0;Wet Ouderdom Invaliditeit 1913;Tweede Kamer;1913-03-07
van Vuuren;0;Wet Ouderdom Invaliditeit 1913;Tweede Kamer;1913-03-07
Snoeck Henkemans;0;Wet Ouderdom Invaliditeit 1913;Tweede Kamer;1913-03-07
van Vlijmen;0;Wet Ouderdom Invaliditeit 1913;Tweede Kamer;1913-03-07
Rutgers;0;Wet Ouderdom Invaliditeit 1913;Tweede Kamer;1913-03-07
van Bylandt;0;Wet Ouderdom Invaliditeit 1913;Tweede Kamer;1913-03-07
de Geer;0;Wet Ouderdom Invaliditeit 1913;Tweede Kamer;1913-03-07
Oosterbaan;0;Wet Ouderdom Invaliditeit 1913;Tweede Kamer;1913-03-07
Elhorst;0;Wet Ouderdom Invaliditeit 1913;Tweede Kamer;1913-03-07
van de Velde;0;Wet Ouderdom Invaliditeit 1913;Tweede Kamer;1913-03-07
Koolen;0;Wet Ouderdom Invaliditeit 1913;Tweede Kamer;1913-03-07
van der Molen;0;Wet Ouderdom Invaliditeit 1913;Tweede Kamer;1913-03-07
van Vliet;0;Wet Ouderdom Invaliditeit 1913;Tweede Kamer;1913-03-07
de Wijkerslooth de Weerdesteyn;0;Wet Ouderdom Invaliditeit 1913;Tweede Kamer;1913-03-07
de Ram;0;Wet Ouderdom Invaliditeit 1913;Tweede Kamer;1913-03-07
de Visser;0;Wet Ouderdom Invaliditeit 1913;Tweede Kamer;1913-03-07
Aalberse;0;Wet Ouderdom Invaliditeit 1913;Tweede Kamer;1913-03-07
Nolens;0;Wet Ouderdom Invaliditeit 1913;Tweede Kamer;1913-03-07
de Savornin Lohman;0;Wet Ouderdom Invaliditeit 1913;Tweede Kamer;1913-03-07
Brummelkamp;0;Wet Ouderdom Invaliditeit 1913;Tweede Kamer;1913-03-07
van Dedem;0;Wet Ouderdom Invaliditeit 1913;Tweede Kamer;1913-03-07
Heemskerk;0;Wet Ouderdom Invaliditeit 1913;Tweede Kamer;1913-03-07
de Monté verLoren;0;Wet Ouderdom Invaliditeit 1913;Tweede Kamer;1913-03-07
van Hoogstraten;0;Wet Ouderdom Invaliditeit 1913;Tweede Kamer;1913-03-07
van Veen;0;Wet Ouderdom Invaliditeit 1913;Tweede Kamer;1913-03-07
van Wassenaer van Catwijck;0;Wet Ouderdom Invaliditeit 1913;Tweede Kamer;1913-03-07
van Asch van Wijck;0;Wet Ouderdom Invaliditeit 1913;Tweede Kamer;1913-03-07
van Lynden van Sandenburg;0;Wet Ouderdom Invaliditeit 1913;Tweede Kamer;1913-03-07
van der Borch van Verwolde;0;Wet Ouderdom Invaliditeit 1913;Tweede Kamer;1913-03-07
J.W.J.C.M. van Nispen tot Sevenaer;0;Wet Ouderdom Invaliditeit 1913;Tweede Kamer;1913-03-07
Bogaardt;0;Wet Ouderdom Invaliditeit 1913;Tweede Kamer;1913-03-07
Fleskens;0;Wet Ouderdom Invaliditeit 1913;Tweede Kamer;1913-03-07
van den Berch van Heemstede;0;Wet Ouderdom Invaliditeit 1913;Tweede Kamer;1913-03-07
de Vlugt;0;Wet Ouderdom Invaliditeit 1913;Tweede Kamer;1913-03-07
Pollema;0;Wet Ouderdom Invaliditeit 1913;Tweede Kamer;1913-03-07
van Sasse van Ysselt;0;Wet Ouderdom Invaliditeit 1913;Tweede Kamer;1913-03-07
Schimmelpenninck;0;Wet Ouderdom Invaliditeit 1913;Tweede Kamer;1913-03-07
van der Voort van Zijp;0;Wet Ouderdom Invaliditeit 1913;Tweede Kamer;1913-03-07
Ankerman;0;Wet Ouderdom Invaliditeit 1913;Tweede Kamer;1913-03-07
Middelberg;0;Wet Ouderdom Invaliditeit 1913;Tweede Kamer;1913-03-07
F.I.J. Janssen;0;Wet Ouderdom Invaliditeit 1913;Tweede Kamer;1913-03-07
Loeff;0;Wet Ouderdom Invaliditeit 1913;Tweede Kamer;1913-03-07
Beckers;0;Wet Ouderdom Invaliditeit 1913;Tweede Kamer;1913-03-07
van Wichen;0;Wet Ouderdom Invaliditeit 1913;Tweede Kamer;1913-03-07
van Wijnbergen;0;Wet Ouderdom Invaliditeit 1913;Tweede Kamer;1913-03-07
O.F.A.M. van Nispen tot Sevenaer;0;Wet Ouderdom Invaliditeit 1913;Tweede Kamer;1913-03-07
Merckelbach;1;Woningwet 1901;Tweede Kamer;1901-04-19
de Bieberstein Rogalla Zawadsky;1;Woningwet 1901;Tweede Kamer;1901-04-19
van de Velde;1;Woningwet 1901;Tweede Kamer;1901-04-19
Bolsius;1;Woningwet 1901;Tweede Kamer;1901-04-19
van Dedem;1;Woningwet 1901;Tweede Kamer;1901-04-19
de Boer;1;Woningwet 1901;Tweede Kamer;1901-04-19
Schaper;1;Woningwet 1901;Tweede Kamer;1901-04-19
van der Borch van Verwolde;1;Woningwet 1901;Tweede Kamer;1901-04-19
van Kol;1;Woningwet 1901;Tweede Kamer;1901-04-19
Zijlma;1;Woningwet 1901;Tweede Kamer;1901-04-19
Meesters;1;Woningwet 1901;Tweede Kamer;1901-04-19
Rink;1;Woningwet 1901;Tweede Kamer;1901-04-19
Knijff;1;Woningwet 1901;Tweede Kamer;1901-04-19
Drucker;1;Woningwet 1901;Tweede Kamer;1901-04-19
Lieftinck;1;Woningwet 1901;Tweede Kamer;1901-04-19
Schaafsma;1;Woningwet 1901;Tweede Kamer;1901-04-19
Jansen;1;Woningwet 1901;Tweede Kamer;1901-04-19
de Klerk;1;Woningwet 1901;Tweede Kamer;1901-04-19
van Vlijmen;1;Woningwet 1901;Tweede Kamer;1901-04-19
de Ras;1;Woningwet 1901;Tweede Kamer;1901-04-19
Smeenge;1;Woningwet 1901;Tweede Kamer;1901-04-19
de Ram;1;Woningwet 1901;Tweede Kamer;1901-04-19
Nolting;1;Woningwet 1901;Tweede Kamer;1901-04-19
Ketelaar;1;Woningwet 1901;Tweede Kamer;1901-04-19
Mees;1;Woningwet 1901;Tweede Kamer;1901-04-19
de Visser;1;Woningwet 1901;Tweede Kamer;1901-04-19
Roessingh;1;Woningwet 1901;Tweede Kamer;1901-04-19
Pijnappel;1;Woningwet 1901;Tweede Kamer;1901-04-19
Geertsema;1;Woningwet 1901;Tweede Kamer;1901-04-19
Schepel;1;Woningwet 1901;Tweede Kamer;1901-04-19
van Alphen;1;Woningwet 1901;Tweede Kamer;1901-04-19
Ferf;1;Woningwet 1901;Tweede Kamer;1901-04-19
van Deinse;1;Woningwet 1901;Tweede Kamer;1901-04-19
den Hertog;1;Woningwet 1901;Tweede Kamer;1901-04-19
Pijnacker Hordijk;1;Woningwet 1901;Tweede Kamer;1901-04-19
Travaglino;1;Woningwet 1901;Tweede Kamer;1901-04-19
Nolens;1;Woningwet 1901;Tweede Kamer;1901-04-19
Goekoop;1;Woningwet 1901;Tweede Kamer;1901-04-19
Conrad;1;Woningwet 1901;Tweede Kamer;1901-04-19
Michiels van Verduynen;1;Woningwet 1901;Tweede Kamer;1901-04-19
Vermeulen;1;Woningwet 1901;Tweede Kamer;1901-04-19
Verhey;1;Woningwet 1901;Tweede Kamer;1901-04-19
C.J.E. van Bylandt;1;Woningwet 1901;Tweede Kamer;1901-04-19
Dobbelmann;1;Woningwet 1901;Tweede Kamer;1901-04-19
van Gilse;1;Woningwet 1901;Tweede Kamer;1901-04-19
van Gijn;1;Woningwet 1901;Tweede Kamer;1901-04-19
S. baron van Heemstra;1;Woningwet 1901;Tweede Kamer;1901-04-19
Goeman Borgesius;1;Woningwet 1901;Tweede Kamer;1901-04-19
van Kerkwijk;1;Woningwet 1901;Tweede Kamer;1901-04-19
Lely;1;Woningwet 1901;Tweede Kamer;1901-04-19
van den Berch van Heemstede;1;Woningwet 1901;Tweede Kamer;1901-04-19
Pastoors;1;Woningwet 1901;Tweede Kamer;1901-04-19
Marchant;1;Woningwet 1901;Tweede Kamer;1901-04-19
Brummelkamp;1;Woningwet 1901;Tweede Kamer;1901-04-19
A. Kerdijk;1;Woningwet 1901;Tweede Kamer;1901-04-19
van Karnebeek;1;Woningwet 1901;Tweede Kamer;1901-04-19
Fokker;1;Woningwet 1901;Tweede Kamer;1901-04-19
Kolkman;1;Woningwet 1901;Tweede Kamer;1901-04-19
Heldt;1;Woningwet 1901;Tweede Kamer;1901-04-19
Kuyper;1;Woningwet 1901;Tweede Kamer;1901-04-19
Tydeman;1;Woningwet 1901;Tweede Kamer;1901-04-19
Groen van Waarder;1;Woningwet 1901;Tweede Kamer;1901-04-19
Veegens;1;Woningwet 1901;Tweede Kamer;1901-04-19
Tijdens;1;Woningwet 1901;Tweede Kamer;1901-04-19
Mackay;1;Woningwet 1901;Tweede Kamer;1901-04-19
Houwing;1;Woningwet 1901;Tweede Kamer;1901-04-19
Mutsaers;1;Woningwet 1901;Tweede Kamer;1901-04-19
Kool;1;Woningwet 1901;Tweede Kamer;1901-04-19
Troelstra;1;Woningwet 1901;Tweede Kamer;1901-04-19
van den Heuvel;1;Woningwet 1901;Tweede Kamer;1901-04-19
de Waal Malefijt;1;Woningwet 1901;Tweede Kamer;1901-04-19
Gleichman;1;Woningwet 1901;Tweede Kamer;1901-04-19
W.K.F.P. van Bylandt;0;Woningwet 1901;Tweede Kamer;1901-04-19
Schimmelpenninck;0;Woningwet 1901;Tweede Kamer;1901-04-19
de Savornin Lohman;0;Woningwet 1901;Tweede Kamer;1901-04-19
van Limburg Stirum;0;Woningwet 1901;Tweede Kamer;1901-04-19
van Sasse van Ysselt;1;Ziektewet 1913;Tweede Kamer;1913-04-25
Fleskens;1;Ziektewet 1913;Tweede Kamer;1913-04-25
Schimmelponninck;1;Ziektewet 1913;Tweede Kamer;1913-04-25
Fruytier;1;Ziektewet 1913;Tweede Kamer;1913-04-25
J.W.J.C.M. van Nispen tot Sevenaer;1;Ziektewet 1913;Tweede Kamer;1913-04-25
Ruys de Beerenbrouck;1;Ziektewet 1913;Tweede Kamer;1913-04-25
van Lennep;1;Ziektewet 1913;Tweede Kamer;1913-04-25
Troelstra;1;Ziektewet 1913;Tweede Kamer;1913-04-25
van Bylandt;1;Ziektewet 1913;Tweede Kamer;1913-04-25
Snoeck Henkemans;1;Ziektewet 1913;Tweede Kamer;1913-04-25
Middelberg;1;Ziektewet 1913;Tweede Kamer;1913-04-25
Helsdingen;1;Ziektewet 1913;Tweede Kamer;1913-04-25
Loeff;1;Ziektewet 1913;Tweede Kamer;1913-04-25
de Vlugt;1;Ziektewet 1913;Tweede Kamer;1913-04-25
van der Borch van Verwolde;1;Ziektewet 1913;Tweede Kamer;1913-04-25
Passtoors;1;Ziektewet 1913;Tweede Kamer;1913-04-25
Schaper;1;Ziektewet 1913;Tweede Kamer;1913-04-25
Duijs;1;Ziektewet 1913;Tweede Kamer;1913-04-25
Pollema;1;Ziektewet 1913;Tweede Kamer;1913-04-25
Hugenholtz;1;Ziektewet 1913;Tweede Kamer;1913-04-25
ter Laan;1;Ziektewet 1913;Tweede Kamer;1913-04-25
Koolen;1;Ziektewet 1913;Tweede Kamer;1913-04-25
van der Molen;1;Ziektewet 1913;Tweede Kamer;1913-04-25
do Visser;1;Ziektewet 1913;Tweede Kamer;1913-04-25
Oosterbaan;1;Ziektewet 1913;Tweede Kamer;1913-04-25
van der Voort van Zijp;1;Ziektewet 1913;Tweede Kamer;1913-04-25
Elhorst;1;Ziektewet 1913;Tweede Kamer;1913-04-25
Duynstee;1;Ziektewet 1913;Tweede Kamer;1913-04-25
de Monté ver Loren;1;Ziektewet 1913;Tweede Kamer;1913-04-25
van Hoogstraten;1;Ziektewet 1913;Tweede Kamer;1913-04-25
Nolens;1;Ziektewet 1913;Tweede Kamer;1913-04-25
van Vliet;1;Ziektewet 1913;Tweede Kamer;1913-04-25
van Veen;1;Ziektewet 1913;Tweede Kamer;1913-04-25
van Asch van Wijck;1;Ziektewet 1913;Tweede Kamer;1913-04-25
van Wijnbergen;1;Ziektewet 1913;Tweede Kamer;1913-04-25
de Ram;1;Ziektewet 1913;Tweede Kamer;1913-04-25
Heemskerk;1;Ziektewet 1913;Tweede Kamer;1913-04-25
Duymaer van Twist;1;Ziektewet 1913;Tweede Kamer;1913-04-25
van den Berch van Heemstede;1;Ziektewet 1913;Tweede Kamer;1913-04-25
Aalberse;1;Ziektewet 1913;Tweede Kamer;1913-04-25
van Lynden van Sandenburg;1;Ziektewet 1913;Tweede Kamer;1913-04-25
Ankerman;1;Ziektewet 1913;Tweede Kamer;1913-04-25
Rutgers;1;Ziektewet 1913;Tweede Kamer;1913-04-25
van Vuuren;1;Ziektewet 1913;Tweede Kamer;1913-04-25
Brummelkamp;1;Ziektewet 1913;Tweede Kamer;1913-04-25
de Geer;1;Ziektewet 1913;Tweede Kamer;1913-04-25
van Best;1;Ziektewet 1913;Tweede Kamer;1913-04-25
Vliegen;1;Ziektewet 1913;Tweede Kamer;1913-04-25
F.I.J. Janssen;1;Ziektewet 1913;Tweede Kamer;1913-04-25
Beckers;1;Ziektewet 1913;Tweede Kamer;1913-04-25
Scheurer;1;Ziektewet 1913;Tweede Kamer;1913-04-25
Arts;1;Ziektewet 1913;Tweede Kamer;1913-04-25
van Vlijmen;1;Ziektewet 1913;Tweede Kamer;1913-04-25
van Dedem;1;Ziektewet 1913;Tweede Kamer;1913-04-25
Blum;1;Ziektewet 1913;Tweede Kamer;1913-04-25
van de Velde;1;Ziektewet 1913;Tweede Kamer;1913-04-25
Bogaardt;1;Ziektewet 1913;Tweede Kamer;1913-04-25
O.F.A.M. van Nispen van Sevenaer;1;Ziektewet 1913;Tweede Kamer;1913-04-25
Eland;0;Ziektewet 1913;Tweede Kamer;1913-04-25
Bichon van IJsselmonde;0;Ziektewet 1913;Tweede Kamer;1913-04-25
Vorsterman van Oyen;0;Ziektewet 1913;Tweede Kamer;1913-04-25
van Hamel;0;Ziektewet 1913;Tweede Kamer;1913-04-25
Dolk;0;Ziektewet 1913;Tweede Kamer;1913-04-25
Teenstra;0;Ziektewet 1913;Tweede Kamer;1913-04-25
de Meester;0;Ziektewet 1913;Tweede Kamer;1913-04-25
Roodhuyzen;0;Ziektewet 1913;Tweede Kamer;1913-04-25
de Beaufort;0;Ziektewet 1913;Tweede Kamer;1913-04-25
Jansen;0;Ziektewet 1913;Tweede Kamer;1913-04-25
de Klerk;0;Ziektewet 1913;Tweede Kamer;1913-04-25
Jannink;0;Ziektewet 1913;Tweede Kamer;1913-04-25
Patijn;0;Ziektewet 1913;Tweede Kamer;1913-04-25
Bos;0;Ziektewet 1913;Tweede Kamer;1913-04-25
Drucker;0;Ziektewet 1913;Tweede Kamer;1913-04-25
de Kanter;0;Ziektewet 1913;Tweede Kamer;1913-04-25
Limburg;0;Ziektewet 1913;Tweede Kamer;1913-04-25
Smidt;0;Ziektewet 1913;Tweede Kamer;1913-04-25
Marchant;0;Ziektewet 1913;Tweede Kamer;1913-04-25
Thomson;0;Ziektewet 1913;Tweede Kamer;1913-04-25
Tydeman;0;Ziektewet 1913;Tweede Kamer;1913-04-25
de Savornin Lohman;0;Ziektewet 1913;Tweede Kamer;1913-04-25
